title,sku,isbn,Afghanistan,Åland Islands,Albania,Algeria,American Samoa,Andorra,Angola,Anguilla,Antarctica,Antigua and Barbuda,Argentina,Armenia,Aruba,Australia,Austria,Azerbaijan,Bahamas,Bahrain,Bangladesh,Barbados,Belarus,Belgium,Belize,Benin,Bermuda,Bhutan,Bolivia,Bosnia and Herzegovina,Botswana,Bouvet Island,Brazil,British Indian Ocean Territory,British Virgin Islands,Brunei,Bulgaria,Burkina Faso,Burundi,Cambodia,Cameroon,Canada,Cape Verde,Cayman Islands,Central African Republic,Chad,Chile,China,Christmas Island,Cocos [Keeling] Islands,Colombia,Comoros,Congo - Brazzaville,Congo - Kinshasa,Cook Islands,Costa Rica,Côte d’Ivoire,Croatia,Cyprus,Czech Republic,Denmark,Djibouti,Dominica,Dominican Republic,Ecuador,Egypt,El Salvador,Equatorial Guinea,Eritrea,Estonia,Ethiopia,Falkland Islands,Faroe Islands,Fiji,Finland,France,French Guiana,French Polynesia,French Southern Territories,Gabon,Gambia,Georgia,Germany,Ghana,Gibraltar,Greece,Greenland,Grenada,Guadeloupe,Guam,Guatemala,Guernsey,Guinea,Guinea-Bissau,Guyana,Haiti,Heard Island and McDonald Islands,Honduras,Hong Kong SAR China,Hungary,Iceland,India,Indonesia,Iraq,Ireland,Isle of Man,Italy,Jamaica,Japan,Jersey,Jordan,Kazakhstan,Kenya,Kiribati,Kuwait,Kyrgyzstan,Laos,Latvia,Lebanon,Lesotho,Liberia,Libya,Liechtenstein,Lithuania,Luxembourg,Macau SAR China,Macedonia,Madagascar,Malawi,Malaysia,Maldives,Mali,Malta,Marshall Islands,Martinique,Mauritania,Mauritius,Mayotte,Mexico,Micronesia,Moldova,Monaco,Mongolia,Montenegro,Montserrat,Morocco,Mozambique,Myanmar [Burma],Namibia,Nauru,Nepal,Netherlands,Netherlands Antilles,New Caledonia,New Zealand,Nicaragua,Niger,Nigeria,Niue,Norfolk Island,Northern Mariana Islands,Norway,Oman,Pakistan,Palau,Palestinian Territories,Panama,Papua New Guinea,Paraguay,Peru,Philippines,Pitcairn Islands,Poland,Portugal,Puerto Rico,Qatar,Réunion,Romania,Russia,Rwanda,Saint Barthélemy,Saint Helena,Saint Kitts and Nevis,Saint Lucia,Saint Martin,Saint Pierre and Miquelon,Saint Vincent and the Grenadines,Samoa,San Marino,São Tomé and Príncipe,Saudi Arabia,Senegal,Serbia,Seychelles,Sierra Leone,Singapore,Slovakia,Slovenia,Solomon Islands,Somalia,South Africa,South Georgia and the South Sandwich Islands,South Korea,Spain,Sri Lanka,Suriname,Svalbard and Jan Mayen,Swaziland,Sweden,Switzerland,Taiwan,Tajikistan,Tanzania,Thailand,Timor-Leste,Togo,Tokelau,Tonga,Trinidad and Tobago,Tunisia,Turkey,Turkmenistan,Turks and Caicos Islands,Tuvalu,Uganda,Ukraine,United Arab Emirates,United Kingdom,United States,Uruguay,U.S. Minor Outlying Islands,U.S. Virgin Islands,Uzbekistan,Vanuatu,Vatican City,Venezuela,Vietnam,Wallis and Futuna,Western Sahara,Yemen,Zambia,Zimbabwe
أولاد حارتنا,1006424,9789770915349,OMR6.35,OMR6.35,OMR6.35,OMR6.35,OMR6.35,OMR6.35,OMR6.35,OMR6.35,OMR6.35,OMR6.35,OMR6.35,OMR6.35,OMR6.35,OMR6.35,OMR6.35,OMR6.35,OMR6.35,OMR6.35,OMR6.35,OMR6.35,OMR6.35,OMR6.35,OMR6.35,OMR6.35,OMR6.35,OMR6.35,OMR6.35,OMR6.35,OMR6.35,OMR6.35,OMR6.35,OMR6.35,OMR6.35,OMR6.35,OMR6.35,OMR6.35,OMR6.35,OMR6.35,OMR6.35,OMR6.35,OMR6.35,OMR6.35,OMR6.35,OMR6.35,OMR6.35,OMR6.35,OMR6.35,OMR6.35,OMR6.35,OMR6.35,OMR6.35,OMR6.35,OMR6.35,OMR6.35,OMR6.35,OMR6.35,OMR6.35,OMR6.35,OMR6.35,OMR6.35,OMR6.35,OMR6.35,OMR6.35,,OMR6.35,OMR6.35,OMR6.35,OMR6.35,OMR6.35,OMR6.35,OMR6.35,OMR6.35,OMR6.35,OMR6.35,OMR6.35,OMR6.35,OMR6.35,OMR6.35,OMR6.35,OMR6.35,OMR6.35,OMR6.35,OMR6.35,OMR6.35,OMR6.35,OMR6.35,OMR6.35,OMR6.35,OMR6.35,OMR6.35,OMR6.35,OMR6.35,OMR6.35,OMR6.35,OMR6.35,OMR6.35,OMR6.35,OMR6.35,OMR6.35,OMR6.35,OMR6.35,OMR6.35,OMR6.35,OMR6.35,OMR6.35,OMR6.35,OMR6.35,OMR6.35,OMR6.35,OMR6.35,OMR6.35,OMR6.35,OMR6.35,OMR6.35,OMR6.35,OMR6.35,OMR6.35,OMR6.35,OMR6.35,OMR6.35,OMR6.35,OMR6.35,OMR6.35,OMR6.35,OMR6.35,OMR6.35,OMR6.35,OMR6.35,OMR6.35,OMR6.35,OMR6.35,OMR6.35,OMR6.35,OMR6.35,OMR6.35,OMR6.35,OMR6.35,OMR6.35,OMR6.35,OMR6.35,OMR6.35,OMR6.35,OMR6.35,OMR6.35,OMR6.35,OMR6.35,OMR6.35,OMR6.35,OMR6.35,OMR6.35,OMR6.35,OMR6.35,OMR6.35,OMR6.35,OMR6.35,OMR6.35,OMR6.35,OMR6.35,OMR6.35,OMR6.35,OMR6.35,OMR6.35,OMR6.35,OMR6.35,OMR6.35,OMR6.35,OMR6.35,OMR6.35,OMR6.35,OMR6.35,OMR6.35,OMR6.35,OMR6.35,OMR6.35,OMR6.35,OMR6.35,OMR6.35,OMR6.35,OMR6.35,OMR6.35,OMR6.35,OMR6.35,OMR6.35,OMR6.35,OMR6.35,OMR6.35,OMR6.35,OMR6.35,,OMR6.35,OMR6.35,OMR6.35,OMR6.35,OMR6.35,OMR6.35,OMR6.35,OMR6.35,OMR6.35,OMR6.35,OMR6.35,OMR6.35,OMR6.35,OMR6.35,OMR6.35,,OMR6.35,OMR6.35,OMR6.35,OMR6.35,OMR6.35,OMR6.35,OMR6.35,OMR6.35,OMR6.35,OMR6.35,OMR6.35,OMR6.35,OMR6.35,OMR6.35,OMR6.35,OMR6.35,,OMR6.35,,OMR6.35,OMR6.35,OMR6.35,OMR6.35,,OMR6.35,OMR6.35,OMR6.35,OMR6.35,,OMR6.35,OMR6.35,OMR6.35,OMR6.35,OMR6.35,OMR6.35
الرجال من المريخ النساء من الزهرة,1006434,6281072019242,OMR4.93,OMR4.93,OMR4.93,OMR4.93,OMR4.93,OMR4.93,OMR4.93,OMR4.93,OMR4.93,OMR4.93,OMR4.93,OMR4.93,OMR4.93,OMR4.93,OMR4.93,OMR4.93,OMR4.93,OMR4.93,OMR4.93,,OMR4.93,OMR4.93,OMR4.93,OMR4.93,OMR4.93,OMR4.93,OMR4.93,OMR4.93,OMR4.93,OMR4.93,OMR4.93,OMR4.93,OMR4.93,OMR4.93,OMR4.93,OMR4.93,OMR4.93,OMR4.93,OMR4.93,OMR4.93,OMR4.93,OMR4.93,OMR4.93,OMR4.93,OMR4.93,OMR4.93,OMR4.93,OMR4.93,OMR4.93,OMR4.93,OMR4.93,OMR4.93,OMR4.93,OMR4.93,OMR4.93,OMR4.93,OMR4.93,OMR4.93,OMR4.93,OMR4.93,OMR4.93,OMR4.93,OMR4.93,,OMR4.93,OMR4.93,OMR4.93,OMR4.93,OMR4.93,OMR4.93,OMR4.93,OMR4.93,OMR4.93,OMR4.93,OMR4.93,OMR4.93,OMR4.93,OMR4.93,OMR4.93,OMR4.93,OMR4.93,OMR4.93,OMR4.93,OMR4.93,OMR4.93,OMR4.93,OMR4.93,OMR4.93,OMR4.93,OMR4.93,OMR4.93,OMR4.93,OMR4.93,OMR4.93,OMR4.93,OMR4.93,OMR4.93,OMR4.93,OMR4.93,OMR4.93,OMR4.93,OMR4.93,OMR4.93,OMR4.93,OMR4.93,OMR4.93,OMR4.93,OMR4.93,OMR4.93,OMR4.93,OMR4.93,OMR4.93,OMR4.93,OMR4.93,OMR4.93,OMR4.93,OMR4.93,OMR4.93,OMR4.93,OMR4.93,OMR4.93,OMR4.93,OMR4.93,OMR4.93,OMR4.93,OMR4.93,OMR4.93,OMR4.93,OMR4.93,OMR4.93,OMR4.93,OMR4.93,OMR4.93,OMR4.93,OMR4.93,OMR4.93,OMR4.93,OMR4.93,OMR4.93,OMR4.93,,OMR4.93,OMR4.93,OMR4.93,OMR4.93,OMR4.93,OMR4.93,OMR4.93,OMR4.93,OMR4.93,OMR4.93,OMR4.93,OMR4.93,OMR4.93,OMR4.93,OMR4.93,OMR4.93,OMR4.93,OMR4.93,OMR4.93,OMR4.93,OMR4.93,OMR4.93,OMR4.93,OMR4.93,OMR4.93,OMR4.93,OMR4.93,OMR4.93,OMR4.93,OMR4.93,OMR4.93,OMR4.93,OMR4.93,OMR4.93,OMR4.93,OMR4.93,OMR4.93,OMR4.93,OMR4.93,OMR4.93,OMR4.93,OMR4.93,OMR4.93,OMR4.93,OMR4.93,OMR4.93,OMR4.93,,OMR4.93,OMR4.93,OMR4.93,OMR4.93,OMR4.93,OMR4.93,OMR4.93,OMR4.93,OMR4.93,OMR4.93,OMR4.93,OMR4.93,OMR4.93,OMR4.93,OMR4.93,OMR4.93,OMR4.93,OMR4.93,OMR4.93,OMR4.93,OMR4.93,OMR4.93,OMR4.93,OMR4.93,OMR4.93,OMR4.93,OMR4.93,OMR4.93,OMR4.93,OMR4.93,OMR4.93,OMR4.93,OMR4.93,OMR4.93,OMR4.93,,OMR4.93,OMR4.93,OMR4.93,OMR4.93,OMR4.93,OMR4.93,OMR4.93,OMR4.93,OMR4.93,OMR4.93,OMR4.93,OMR4.93,OMR4.93,OMR4.93,OMR4.93
الجريمة والعقاب 1/2 : ترجمة زينب المزديوي,1007803,9789953689104,OMR6.93,OMR6.93,OMR6.93,,OMR6.93,,OMR6.93,OMR6.93,OMR6.93,OMR6.93,OMR6.93,OMR6.93,OMR6.93,OMR6.93,OMR6.93,OMR6.93,OMR6.93,OMR6.93,OMR6.93,OMR6.93,OMR6.93,OMR6.93,OMR6.93,OMR6.93,OMR6.93,OMR6.93,OMR6.93,OMR6.93,OMR6.93,OMR6.93,OMR6.93,OMR6.93,OMR6.93,OMR6.93,OMR6.93,OMR6.93,OMR6.93,,OMR6.93,OMR6.93,OMR6.93,OMR6.93,OMR6.93,OMR6.93,OMR6.93,OMR6.93,OMR6.93,OMR6.93,OMR6.93,OMR6.93,OMR6.93,OMR6.93,OMR6.93,OMR6.93,OMR6.93,OMR6.93,OMR6.93,OMR6.93,OMR6.93,OMR6.93,OMR6.93,OMR6.93,OMR6.93,,OMR6.93,OMR6.93,OMR6.93,,OMR6.93,OMR6.93,OMR6.93,OMR6.93,OMR6.93,OMR6.93,OMR6.93,OMR6.93,OMR6.93,,,OMR6.93,OMR6.93,OMR6.93,,OMR6.93,OMR6.93,OMR6.93,OMR6.93,OMR6.93,,OMR6.93,OMR6.93,OMR6.93,OMR6.93,OMR6.93,,OMR6.93,OMR6.93,OMR6.93,OMR6.93,OMR6.93,OMR6.93,OMR6.93,OMR6.93,OMR6.93,OMR6.93,OMR6.93,OMR6.93,OMR6.93,OMR6.93,OMR6.93,OMR6.93,OMR6.93,OMR6.93,OMR6.93,OMR6.93,OMR6.93,OMR6.93,OMR6.93,OMR6.93,OMR6.93,OMR6.93,OMR6.93,OMR6.93,OMR6.93,OMR6.93,OMR6.93,OMR6.93,OMR6.93,OMR6.93,OMR6.93,OMR6.93,OMR6.93,OMR6.93,OMR6.93,OMR6.93,OMR6.93,OMR6.93,OMR6.93,OMR6.93,OMR6.93,OMR6.93,OMR6.93,OMR6.93,OMR6.93,OMR6.93,OMR6.93,OMR6.93,OMR6.93,OMR6.93,OMR6.93,OMR6.93,OMR6.93,OMR6.93,OMR6.93,OMR6.93,OMR6.93,OMR6.93,OMR6.93,OMR6.93,OMR6.93,OMR6.93,OMR6.93,OMR6.93,OMR6.93,OMR6.93,OMR6.93,OMR6.93,OMR6.93,OMR6.93,OMR6.93,OMR6.93,OMR6.93,OMR6.93,OMR6.93,OMR6.93,OMR6.93,OMR6.93,OMR6.93,OMR6.93,OMR6.93,OMR6.93,OMR6.93,OMR6.93,OMR6.93,OMR6.93,OMR6.93,OMR6.93,OMR6.93,,OMR6.93,OMR6.93,OMR6.93,OMR6.93,OMR6.93,OMR6.93,OMR6.93,OMR6.93,OMR6.93,OMR6.93,OMR6.93,OMR6.93,OMR6.93,OMR6.93,OMR6.93,OMR6.93,OMR6.93,OMR6.93,OMR6.93,OMR6.93,OMR6.93,OMR6.93,OMR6.93,OMR6.93,OMR6.93,,OMR6.93,OMR6.93,OMR6.93,OMR6.93,OMR6.93,OMR6.93,OMR6.93,OMR6.93,OMR6.93,,OMR6.93,OMR6.93,OMR6.93,OMR6.93,OMR6.93,OMR6.93,OMR6.93,OMR6.93,OMR6.93,OMR6.93,OMR6.93,OMR6.93,OMR6.93,OMR6.93,OMR6.93
الأب الغني الأب الفقير,1014741,6281072073688,OMR5.77,OMR5.77,OMR5.77,OMR5.77,OMR5.77,OMR5.77,OMR5.77,OMR5.77,OMR5.77,OMR5.77,OMR5.77,OMR5.77,OMR5.77,OMR5.77,OMR5.77,OMR5.77,OMR5.77,OMR5.77,OMR5.77,OMR5.77,OMR5.77,OMR5.77,OMR5.77,OMR5.77,OMR5.77,OMR5.77,OMR5.77,OMR5.77,OMR5.77,OMR5.77,OMR5.77,OMR5.77,OMR5.77,OMR5.77,OMR5.77,OMR5.77,OMR5.77,OMR5.77,OMR5.77,OMR5.77,OMR5.77,OMR5.77,OMR5.77,OMR5.77,OMR5.77,OMR5.77,OMR5.77,OMR5.77,OMR5.77,OMR5.77,OMR5.77,OMR5.77,OMR5.77,OMR5.77,OMR5.77,OMR5.77,OMR5.77,OMR5.77,OMR5.77,OMR5.77,OMR5.77,OMR5.77,OMR5.77,,OMR5.77,OMR5.77,OMR5.77,OMR5.77,OMR5.77,OMR5.77,OMR5.77,OMR5.77,OMR5.77,OMR5.77,OMR5.77,OMR5.77,OMR5.77,OMR5.77,OMR5.77,OMR5.77,OMR5.77,OMR5.77,OMR5.77,OMR5.77,OMR5.77,OMR5.77,OMR5.77,OMR5.77,OMR5.77,OMR5.77,OMR5.77,OMR5.77,OMR5.77,OMR5.77,OMR5.77,OMR5.77,OMR5.77,OMR5.77,OMR5.77,OMR5.77,OMR5.77,OMR5.77,OMR5.77,OMR5.77,OMR5.77,OMR5.77,OMR5.77,OMR5.77,OMR5.77,OMR5.77,OMR5.77,OMR5.77,OMR5.77,OMR5.77,OMR5.77,OMR5.77,OMR5.77,OMR5.77,OMR5.77,OMR5.77,OMR5.77,OMR5.77,OMR5.77,OMR5.77,OMR5.77,OMR5.77,OMR5.77,OMR5.77,OMR5.77,OMR5.77,OMR5.77,,OMR5.77,OMR5.77,OMR5.77,OMR5.77,OMR5.77,OMR5.77,OMR5.77,OMR5.77,OMR5.77,OMR5.77,OMR5.77,OMR5.77,OMR5.77,OMR5.77,,OMR5.77,OMR5.77,OMR5.77,OMR5.77,OMR5.77,OMR5.77,OMR5.77,OMR5.77,OMR5.77,OMR5.77,OMR5.77,OMR5.77,OMR5.77,OMR5.77,OMR5.77,OMR5.77,OMR5.77,OMR5.77,OMR5.77,OMR5.77,OMR5.77,OMR5.77,OMR5.77,OMR5.77,OMR5.77,OMR5.77,OMR5.77,OMR5.77,OMR5.77,OMR5.77,OMR5.77,OMR5.77,OMR5.77,OMR5.77,OMR5.77,OMR5.77,OMR5.77,OMR5.77,OMR5.77,OMR5.77,OMR5.77,,OMR5.77,OMR5.77,OMR5.77,OMR5.77,OMR5.77,OMR5.77,OMR5.77,OMR5.77,OMR5.77,OMR5.77,OMR5.77,OMR5.77,OMR5.77,OMR5.77,OMR5.77,OMR5.77,OMR5.77,OMR5.77,OMR5.77,OMR5.77,OMR5.77,,OMR5.77,OMR5.77,OMR5.77,,OMR5.77,OMR5.77,OMR5.77,OMR5.77,OMR5.77,OMR5.77,OMR5.77,OMR5.77,OMR5.77,,OMR5.77,OMR5.77,OMR5.77,OMR5.77,OMR5.77,OMR5.77,OMR5.77,OMR5.77,OMR5.77,OMR5.77,OMR5.77,OMR5.77,OMR5.77,OMR5.77,OMR5.77
رواية 1984,3059915,9789953681443,OMR3.47,OMR3.47,OMR3.47,OMR3.47,OMR3.47,OMR3.47,OMR3.47,OMR3.47,OMR3.47,,OMR3.47,OMR3.47,OMR3.47,OMR3.47,OMR3.47,OMR3.47,OMR3.47,OMR3.47,OMR3.47,OMR3.47,OMR3.47,OMR3.47,OMR3.47,OMR3.47,OMR3.47,OMR3.47,OMR3.47,OMR3.47,OMR3.47,OMR3.47,OMR3.47,OMR3.47,,OMR3.47,OMR3.47,OMR3.47,OMR3.47,OMR3.47,OMR3.47,OMR3.47,OMR3.47,OMR3.47,OMR3.47,OMR3.47,OMR3.47,OMR3.47,OMR3.47,OMR3.47,OMR3.47,OMR3.47,OMR3.47,OMR3.47,OMR3.47,OMR3.47,OMR3.47,OMR3.47,OMR3.47,OMR3.47,OMR3.47,OMR3.47,OMR3.47,OMR3.47,OMR3.47,,OMR3.47,OMR3.47,OMR3.47,OMR3.47,OMR3.47,OMR3.47,OMR3.47,OMR3.47,OMR3.47,OMR3.47,OMR3.47,OMR3.47,OMR3.47,OMR3.47,OMR3.47,OMR3.47,OMR3.47,OMR3.47,OMR3.47,OMR3.47,OMR3.47,OMR3.47,OMR3.47,OMR3.47,OMR3.47,OMR3.47,OMR3.47,OMR3.47,OMR3.47,OMR3.47,OMR3.47,OMR3.47,OMR3.47,OMR3.47,OMR3.47,OMR3.47,OMR3.47,OMR3.47,OMR3.47,OMR3.47,OMR3.47,OMR3.47,OMR3.47,OMR3.47,OMR3.47,OMR3.47,OMR3.47,OMR3.47,OMR3.47,OMR3.47,OMR3.47,OMR3.47,OMR3.47,OMR3.47,OMR3.47,OMR3.47,OMR3.47,OMR3.47,OMR3.47,OMR3.47,OMR3.47,OMR3.47,OMR3.47,OMR3.47,OMR3.47,OMR3.47,OMR3.47,OMR3.47,OMR3.47,OMR3.47,OMR3.47,OMR3.47,OMR3.47,OMR3.47,OMR3.47,OMR3.47,OMR3.47,OMR3.47,OMR3.47,OMR3.47,OMR3.47,OMR3.47,OMR3.47,OMR3.47,OMR3.47,OMR3.47,OMR3.47,OMR3.47,OMR3.47,OMR3.47,OMR3.47,OMR3.47,OMR3.47,OMR3.47,OMR3.47,OMR3.47,OMR3.47,OMR3.47,OMR3.47,OMR3.47,OMR3.47,OMR3.47,OMR3.47,OMR3.47,OMR3.47,OMR3.47,OMR3.47,OMR3.47,OMR3.47,OMR3.47,OMR3.47,OMR3.47,OMR3.47,OMR3.47,OMR3.47,OMR3.47,OMR3.47,OMR3.47,OMR3.47,,OMR3.47,OMR3.47,OMR3.47,OMR3.47,,OMR3.47,OMR3.47,OMR3.47,OMR3.47,OMR3.47,OMR3.47,OMR3.47,OMR3.47,OMR3.47,OMR3.47,OMR3.47,OMR3.47,OMR3.47,OMR3.47,OMR3.47,OMR3.47,OMR3.47,OMR3.47,OMR3.47,OMR3.47,OMR3.47,OMR3.47,OMR3.47,OMR3.47,OMR3.47,OMR3.47,OMR3.47,OMR3.47,OMR3.47,OMR3.47,OMR3.47,OMR3.47,OMR3.47,OMR3.47,OMR3.47,,OMR3.47,OMR3.47,OMR3.47,OMR3.47,OMR3.47,OMR3.47,OMR3.47,OMR3.47,OMR3.47,OMR3.47,OMR3.47,OMR3.47,OMR3.47,OMR3.47,OMR3.47
التخلف الاجتماعي : مدخل إلى سيكولوجية الإنسان المقهور,3059871,9789953680750,OMR3.47,OMR3.47,OMR3.47,OMR3.47,OMR3.47,OMR3.47,OMR3.47,OMR3.47,OMR3.47,OMR3.47,OMR3.47,OMR3.47,OMR3.47,OMR3.47,OMR3.47,OMR3.47,OMR3.47,OMR3.47,OMR3.47,OMR3.47,OMR3.47,OMR3.47,OMR3.47,OMR3.47,OMR3.47,OMR3.47,OMR3.47,OMR3.47,OMR3.47,OMR3.47,OMR3.47,OMR3.47,OMR3.47,OMR3.47,OMR3.47,OMR3.47,OMR3.47,OMR3.47,OMR3.47,OMR3.47,OMR3.47,OMR3.47,OMR3.47,OMR3.47,OMR3.47,OMR3.47,OMR3.47,OMR3.47,OMR3.47,OMR3.47,OMR3.47,OMR3.47,OMR3.47,OMR3.47,OMR3.47,OMR3.47,OMR3.47,OMR3.47,OMR3.47,OMR3.47,OMR3.47,OMR3.47,OMR3.47,,OMR3.47,OMR3.47,OMR3.47,OMR3.47,OMR3.47,OMR3.47,OMR3.47,OMR3.47,OMR3.47,OMR3.47,OMR3.47,OMR3.47,OMR3.47,OMR3.47,OMR3.47,OMR3.47,OMR3.47,OMR3.47,OMR3.47,OMR3.47,OMR3.47,OMR3.47,OMR3.47,OMR3.47,OMR3.47,OMR3.47,OMR3.47,OMR3.47,OMR3.47,OMR3.47,OMR3.47,OMR3.47,OMR3.47,OMR3.47,OMR3.47,OMR3.47,OMR3.47,OMR3.47,OMR3.47,OMR3.47,OMR3.47,OMR3.47,OMR3.47,OMR3.47,OMR3.47,OMR3.47,OMR3.47,OMR3.47,OMR3.47,OMR3.47,OMR3.47,OMR3.47,OMR3.47,OMR3.47,OMR3.47,OMR3.47,OMR3.47,OMR3.47,OMR3.47,OMR3.47,OMR3.47,OMR3.47,OMR3.47,OMR3.47,OMR3.47,OMR3.47,OMR3.47,OMR3.47,OMR3.47,OMR3.47,OMR3.47,OMR3.47,OMR3.47,OMR3.47,OMR3.47,OMR3.47,OMR3.47,OMR3.47,OMR3.47,OMR3.47,OMR3.47,OMR3.47,OMR3.47,OMR3.47,OMR3.47,OMR3.47,OMR3.47,OMR3.47,,OMR3.47,OMR3.47,OMR3.47,OMR3.47,OMR3.47,OMR3.47,OMR3.47,OMR3.47,OMR3.47,OMR3.47,OMR3.47,OMR3.47,OMR3.47,OMR3.47,OMR3.47,OMR3.47,OMR3.47,OMR3.47,OMR3.47,OMR3.47,OMR3.47,OMR3.47,OMR3.47,OMR3.47,OMR3.47,OMR3.47,OMR3.47,OMR3.47,OMR3.47,OMR3.47,OMR3.47,OMR3.47,OMR3.47,OMR3.47,OMR3.47,,OMR3.47,OMR3.47,OMR3.47,OMR3.47,OMR3.47,OMR3.47,OMR3.47,OMR3.47,OMR3.47,OMR3.47,OMR3.47,OMR3.47,OMR3.47,OMR3.47,OMR3.47,OMR3.47,OMR3.47,OMR3.47,OMR3.47,OMR3.47,OMR3.47,OMR3.47,OMR3.47,OMR3.47,OMR3.47,OMR3.47,OMR3.47,OMR3.47,OMR3.47,OMR3.47,OMR3.47,OMR3.47,OMR3.47,OMR3.47,OMR3.47,,OMR3.47,OMR3.47,OMR3.47,OMR3.47,OMR3.47,OMR3.47,OMR3.47,OMR3.47,OMR3.47,OMR3.47,OMR3.47,OMR3.47,OMR3.47,OMR3.47,OMR3.47
الخيميائي,3033435,9789953882819,OMR3.08,OMR3.08,OMR3.08,OMR3.08,OMR3.08,OMR3.08,OMR3.08,OMR3.08,OMR3.08,OMR3.08,OMR3.08,OMR3.08,OMR3.08,OMR3.08,OMR3.08,OMR3.08,OMR3.08,OMR3.08,OMR3.08,OMR3.08,OMR3.08,OMR3.08,OMR3.08,OMR3.08,OMR3.08,OMR3.08,OMR3.08,OMR3.08,,OMR3.08,OMR3.08,OMR3.08,OMR3.08,OMR3.08,OMR3.08,OMR3.08,OMR3.08,OMR3.08,OMR3.08,OMR3.08,OMR3.08,OMR3.08,OMR3.08,OMR3.08,OMR3.08,OMR3.08,OMR3.08,OMR3.08,OMR3.08,OMR3.08,OMR3.08,OMR3.08,OMR3.08,OMR3.08,OMR3.08,OMR3.08,OMR3.08,OMR3.08,OMR3.08,OMR3.08,OMR3.08,OMR3.08,OMR3.08,,OMR3.08,OMR3.08,OMR3.08,OMR3.08,OMR3.08,OMR3.08,OMR3.08,OMR3.08,OMR3.08,OMR3.08,OMR3.08,OMR3.08,OMR3.08,OMR3.08,OMR3.08,OMR3.08,OMR3.08,OMR3.08,OMR3.08,OMR3.08,OMR3.08,OMR3.08,OMR3.08,OMR3.08,OMR3.08,OMR3.08,OMR3.08,OMR3.08,OMR3.08,OMR3.08,OMR3.08,OMR3.08,OMR3.08,OMR3.08,OMR3.08,OMR3.08,OMR3.08,OMR3.08,OMR3.08,OMR3.08,OMR3.08,OMR3.08,OMR3.08,OMR3.08,OMR3.08,OMR3.08,OMR3.08,OMR3.08,OMR3.08,OMR3.08,OMR3.08,OMR3.08,OMR3.08,OMR3.08,OMR3.08,OMR3.08,OMR3.08,OMR3.08,OMR3.08,OMR3.08,OMR3.08,OMR3.08,OMR3.08,OMR3.08,OMR3.08,OMR3.08,OMR3.08,OMR3.08,OMR3.08,OMR3.08,OMR3.08,OMR3.08,OMR3.08,OMR3.08,OMR3.08,OMR3.08,OMR3.08,OMR3.08,OMR3.08,OMR3.08,OMR3.08,OMR3.08,OMR3.08,OMR3.08,OMR3.08,OMR3.08,OMR3.08,OMR3.08,OMR3.08,OMR3.08,,OMR3.08,OMR3.08,OMR3.08,,OMR3.08,OMR3.08,OMR3.08,OMR3.08,OMR3.08,OMR3.08,OMR3.08,OMR3.08,OMR3.08,OMR3.08,OMR3.08,OMR3.08,OMR3.08,OMR3.08,OMR3.08,OMR3.08,OMR3.08,OMR3.08,OMR3.08,OMR3.08,OMR3.08,OMR3.08,OMR3.08,OMR3.08,OMR3.08,OMR3.08,OMR3.08,OMR3.08,OMR3.08,,OMR3.08,OMR3.08,OMR3.08,OMR3.08,OMR3.08,OMR3.08,OMR3.08,OMR3.08,OMR3.08,OMR3.08,OMR3.08,OMR3.08,OMR3.08,OMR3.08,OMR3.08,OMR3.08,OMR3.08,OMR3.08,,OMR3.08,OMR3.08,OMR3.08,OMR3.08,OMR3.08,OMR3.08,OMR3.08,OMR3.08,OMR3.08,OMR3.08,OMR3.08,OMR3.08,OMR3.08,OMR3.08,OMR3.08,OMR3.08,,OMR3.08,OMR3.08,OMR3.08,OMR3.08,OMR3.08,OMR3.08,OMR3.08,OMR3.08,OMR3.08,OMR3.08,OMR3.08,OMR3.08,OMR3.08,OMR3.08,OMR3.08
السياسة والحيلة عند العرب : رقائق الحلل في دقائق الحيل,3001866,9781855160101,OMR4.78,OMR4.78,OMR4.78,OMR4.78,OMR4.78,OMR4.78,OMR4.78,OMR4.78,OMR4.78,OMR4.78,OMR4.78,OMR4.78,OMR4.78,OMR4.78,OMR4.78,OMR4.78,OMR4.78,OMR4.78,OMR4.78,OMR4.78,OMR4.78,OMR4.78,OMR4.78,OMR4.78,OMR4.78,OMR4.78,OMR4.78,OMR4.78,OMR4.78,OMR4.78,OMR4.78,OMR4.78,OMR4.78,OMR4.78,OMR4.78,OMR4.78,OMR4.78,OMR4.78,OMR4.78,OMR4.78,OMR4.78,OMR4.78,OMR4.78,OMR4.78,OMR4.78,OMR4.78,OMR4.78,OMR4.78,OMR4.78,OMR4.78,OMR4.78,OMR4.78,OMR4.78,OMR4.78,OMR4.78,OMR4.78,OMR4.78,OMR4.78,OMR4.78,OMR4.78,OMR4.78,OMR4.78,OMR4.78,,OMR4.78,OMR4.78,OMR4.78,OMR4.78,OMR4.78,OMR4.78,OMR4.78,OMR4.78,OMR4.78,OMR4.78,OMR4.78,OMR4.78,OMR4.78,OMR4.78,OMR4.78,OMR4.78,OMR4.78,OMR4.78,OMR4.78,OMR4.78,OMR4.78,OMR4.78,OMR4.78,OMR4.78,OMR4.78,OMR4.78,OMR4.78,OMR4.78,OMR4.78,OMR4.78,OMR4.78,OMR4.78,OMR4.78,OMR4.78,OMR4.78,OMR4.78,OMR4.78,OMR4.78,OMR4.78,OMR4.78,OMR4.78,OMR4.78,OMR4.78,OMR4.78,OMR4.78,OMR4.78,OMR4.78,OMR4.78,OMR4.78,OMR4.78,OMR4.78,OMR4.78,OMR4.78,OMR4.78,OMR4.78,OMR4.78,OMR4.78,OMR4.78,OMR4.78,OMR4.78,OMR4.78,OMR4.78,OMR4.78,OMR4.78,OMR4.78,OMR4.78,OMR4.78,OMR4.78,OMR4.78,OMR4.78,OMR4.78,OMR4.78,OMR4.78,OMR4.78,OMR4.78,OMR4.78,OMR4.78,OMR4.78,OMR4.78,OMR4.78,OMR4.78,OMR4.78,OMR4.78,OMR4.78,OMR4.78,OMR4.78,OMR4.78,OMR4.78,OMR4.78,OMR4.78,OMR4.78,OMR4.78,OMR4.78,OMR4.78,OMR4.78,OMR4.78,OMR4.78,OMR4.78,OMR4.78,OMR4.78,OMR4.78,OMR4.78,OMR4.78,OMR4.78,OMR4.78,OMR4.78,OMR4.78,OMR4.78,OMR4.78,OMR4.78,OMR4.78,OMR4.78,OMR4.78,OMR4.78,OMR4.78,OMR4.78,OMR4.78,OMR4.78,OMR4.78,OMR4.78,OMR4.78,OMR4.78,,OMR4.78,,OMR4.78,OMR4.78,OMR4.78,OMR4.78,OMR4.78,OMR4.78,OMR4.78,OMR4.78,OMR4.78,OMR4.78,OMR4.78,OMR4.78,OMR4.78,OMR4.78,OMR4.78,OMR4.78,OMR4.78,OMR4.78,OMR4.78,OMR4.78,OMR4.78,OMR4.78,OMR4.78,OMR4.78,OMR4.78,OMR4.78,OMR4.78,OMR4.78,OMR4.78,OMR4.78,OMR4.78,OMR4.78,OMR4.78,OMR4.78,OMR4.78,,OMR4.78,OMR4.78,OMR4.78,OMR4.78,OMR4.78,OMR4.78,OMR4.78,OMR4.78,OMR4.78,OMR4.78,OMR4.78,OMR4.78,OMR4.78,OMR4.78,OMR4.78
العصفورية,3026103,9781855163836,OMR4.16,OMR4.16,OMR4.16,OMR4.16,OMR4.16,OMR4.16,OMR4.16,OMR4.16,OMR4.16,OMR4.16,OMR4.16,OMR4.16,OMR4.16,OMR4.16,OMR4.16,OMR4.16,OMR4.16,OMR4.16,OMR4.16,OMR4.16,OMR4.16,OMR4.16,OMR4.16,OMR4.16,OMR4.16,OMR4.16,OMR4.16,OMR4.16,OMR4.16,OMR4.16,OMR4.16,OMR4.16,OMR4.16,OMR4.16,OMR4.16,OMR4.16,OMR4.16,OMR4.16,OMR4.16,OMR4.16,OMR4.16,OMR4.16,OMR4.16,OMR4.16,OMR4.16,OMR4.16,OMR4.16,OMR4.16,OMR4.16,OMR4.16,OMR4.16,OMR4.16,OMR4.16,OMR4.16,OMR4.16,OMR4.16,OMR4.16,OMR4.16,OMR4.16,OMR4.16,OMR4.16,OMR4.16,OMR4.16,,OMR4.16,OMR4.16,OMR4.16,OMR4.16,OMR4.16,OMR4.16,OMR4.16,OMR4.16,OMR4.16,OMR4.16,OMR4.16,OMR4.16,OMR4.16,OMR4.16,OMR4.16,OMR4.16,OMR4.16,OMR4.16,OMR4.16,OMR4.16,OMR4.16,OMR4.16,OMR4.16,OMR4.16,OMR4.16,OMR4.16,OMR4.16,OMR4.16,OMR4.16,OMR4.16,OMR4.16,OMR4.16,OMR4.16,OMR4.16,OMR4.16,OMR4.16,OMR4.16,OMR4.16,OMR4.16,OMR4.16,OMR4.16,OMR4.16,OMR4.16,OMR4.16,OMR4.16,OMR4.16,OMR4.16,OMR4.16,OMR4.16,,OMR4.16,OMR4.16,,OMR4.16,OMR4.16,OMR4.16,OMR4.16,OMR4.16,OMR4.16,OMR4.16,OMR4.16,OMR4.16,OMR4.16,OMR4.16,OMR4.16,OMR4.16,OMR4.16,OMR4.16,OMR4.16,OMR4.16,OMR4.16,OMR4.16,OMR4.16,OMR4.16,OMR4.16,OMR4.16,OMR4.16,OMR4.16,OMR4.16,OMR4.16,OMR4.16,OMR4.16,OMR4.16,OMR4.16,OMR4.16,OMR4.16,OMR4.16,OMR4.16,OMR4.16,OMR4.16,OMR4.16,OMR4.16,OMR4.16,OMR4.16,OMR4.16,OMR4.16,OMR4.16,OMR4.16,OMR4.16,OMR4.16,OMR4.16,OMR4.16,OMR4.16,OMR4.16,OMR4.16,OMR4.16,OMR4.16,OMR4.16,OMR4.16,OMR4.16,OMR4.16,OMR4.16,OMR4.16,OMR4.16,OMR4.16,OMR4.16,OMR4.16,OMR4.16,OMR4.16,OMR4.16,OMR4.16,OMR4.16,OMR4.16,OMR4.16,,OMR4.16,OMR4.16,OMR4.16,OMR4.16,OMR4.16,OMR4.16,OMR4.16,OMR4.16,OMR4.16,OMR4.16,OMR4.16,OMR4.16,OMR4.16,OMR4.16,OMR4.16,OMR4.16,OMR4.16,OMR4.16,OMR4.16,OMR4.16,OMR4.16,OMR4.16,OMR4.16,OMR4.16,OMR4.16,OMR4.16,OMR4.16,OMR4.16,OMR4.16,OMR4.16,OMR4.16,OMR4.16,OMR4.16,OMR4.16,OMR4.16,,OMR4.16,OMR4.16,OMR4.16,OMR4.16,OMR4.16,OMR4.16,OMR4.16,OMR4.16,OMR4.16,OMR4.16,OMR4.16,OMR4.16,OMR4.16,OMR4.16,OMR4.16
حياة في الإدارة,3019715,9789953368783,OMR3.85,OMR3.85,OMR3.85,OMR3.85,OMR3.85,OMR3.85,OMR3.85,,OMR3.85,OMR3.85,OMR3.85,OMR3.85,OMR3.85,OMR3.85,OMR3.85,OMR3.85,OMR3.85,OMR3.85,OMR3.85,,OMR3.85,OMR3.85,OMR3.85,OMR3.85,OMR3.85,OMR3.85,OMR3.85,OMR3.85,OMR3.85,OMR3.85,OMR3.85,OMR3.85,OMR3.85,OMR3.85,OMR3.85,OMR3.85,OMR3.85,OMR3.85,OMR3.85,OMR3.85,OMR3.85,OMR3.85,OMR3.85,OMR3.85,OMR3.85,OMR3.85,OMR3.85,OMR3.85,OMR3.85,OMR3.85,OMR3.85,OMR3.85,OMR3.85,OMR3.85,OMR3.85,OMR3.85,OMR3.85,OMR3.85,OMR3.85,OMR3.85,OMR3.85,,OMR3.85,,OMR3.85,OMR3.85,OMR3.85,OMR3.85,OMR3.85,OMR3.85,OMR3.85,OMR3.85,OMR3.85,OMR3.85,OMR3.85,OMR3.85,OMR3.85,OMR3.85,OMR3.85,OMR3.85,OMR3.85,OMR3.85,OMR3.85,OMR3.85,OMR3.85,OMR3.85,OMR3.85,OMR3.85,OMR3.85,OMR3.85,OMR3.85,OMR3.85,OMR3.85,OMR3.85,OMR3.85,OMR3.85,OMR3.85,OMR3.85,OMR3.85,OMR3.85,OMR3.85,OMR3.85,OMR3.85,OMR3.85,OMR3.85,OMR3.85,OMR3.85,OMR3.85,OMR3.85,OMR3.85,OMR3.85,OMR3.85,OMR3.85,OMR3.85,OMR3.85,OMR3.85,OMR3.85,OMR3.85,OMR3.85,OMR3.85,OMR3.85,OMR3.85,OMR3.85,OMR3.85,OMR3.85,OMR3.85,OMR3.85,OMR3.85,OMR3.85,OMR3.85,OMR3.85,OMR3.85,OMR3.85,OMR3.85,OMR3.85,OMR3.85,OMR3.85,OMR3.85,OMR3.85,OMR3.85,OMR3.85,OMR3.85,OMR3.85,OMR3.85,OMR3.85,OMR3.85,OMR3.85,OMR3.85,OMR3.85,OMR3.85,OMR3.85,OMR3.85,OMR3.85,OMR3.85,OMR3.85,OMR3.85,OMR3.85,OMR3.85,OMR3.85,OMR3.85,OMR3.85,OMR3.85,OMR3.85,OMR3.85,OMR3.85,OMR3.85,OMR3.85,OMR3.85,OMR3.85,OMR3.85,OMR3.85,OMR3.85,OMR3.85,OMR3.85,OMR3.85,OMR3.85,OMR3.85,OMR3.85,OMR3.85,OMR3.85,OMR3.85,OMR3.85,OMR3.85,OMR3.85,OMR3.85,OMR3.85,OMR3.85,OMR3.85,,OMR3.85,OMR3.85,OMR3.85,OMR3.85,OMR3.85,OMR3.85,OMR3.85,OMR3.85,OMR3.85,OMR3.85,OMR3.85,OMR3.85,OMR3.85,OMR3.85,OMR3.85,OMR3.85,OMR3.85,OMR3.85,OMR3.85,OMR3.85,OMR3.85,OMR3.85,OMR3.85,OMR3.85,OMR3.85,OMR3.85,OMR3.85,OMR3.85,OMR3.85,OMR3.85,OMR3.85,OMR3.85,OMR3.85,OMR3.85,OMR3.85,,OMR3.85,OMR3.85,OMR3.85,OMR3.85,OMR3.85,OMR3.85,OMR3.85,OMR3.85,OMR3.85,OMR3.85,OMR3.85,OMR3.85,OMR3.85,OMR3.85,OMR3.85
خوارق اللاشعور : أو أسرار الشخصية الناجحة,3016259,9789933493899,,OMR4.24,OMR4.24,OMR4.24,OMR4.24,OMR4.24,OMR4.24,,OMR4.24,OMR4.24,,OMR4.24,OMR4.24,OMR4.24,OMR4.24,OMR4.24,OMR4.24,OMR4.24,OMR4.24,OMR4.24,OMR4.24,OMR4.24,OMR4.24,OMR4.24,OMR4.24,OMR4.24,OMR4.24,OMR4.24,OMR4.24,OMR4.24,OMR4.24,OMR4.24,OMR4.24,OMR4.24,OMR4.24,OMR4.24,OMR4.24,OMR4.24,OMR4.24,OMR4.24,OMR4.24,OMR4.24,OMR4.24,OMR4.24,OMR4.24,OMR4.24,OMR4.24,OMR4.24,OMR4.24,OMR4.24,OMR4.24,OMR4.24,OMR4.24,OMR4.24,OMR4.24,OMR4.24,OMR4.24,OMR4.24,OMR4.24,OMR4.24,OMR4.24,OMR4.24,OMR4.24,,OMR4.24,OMR4.24,OMR4.24,OMR4.24,OMR4.24,OMR4.24,OMR4.24,OMR4.24,OMR4.24,OMR4.24,OMR4.24,OMR4.24,OMR4.24,OMR4.24,,OMR4.24,OMR4.24,OMR4.24,OMR4.24,OMR4.24,OMR4.24,OMR4.24,OMR4.24,OMR4.24,OMR4.24,OMR4.24,OMR4.24,OMR4.24,OMR4.24,OMR4.24,OMR4.24,OMR4.24,OMR4.24,OMR4.24,OMR4.24,OMR4.24,OMR4.24,OMR4.24,OMR4.24,OMR4.24,OMR4.24,OMR4.24,OMR4.24,OMR4.24,OMR4.24,OMR4.24,OMR4.24,OMR4.24,OMR4.24,OMR4.24,OMR4.24,OMR4.24,OMR4.24,,,OMR4.24,OMR4.24,OMR4.24,OMR4.24,OMR4.24,OMR4.24,OMR4.24,OMR4.24,OMR4.24,OMR4.24,OMR4.24,OMR4.24,OMR4.24,OMR4.24,OMR4.24,OMR4.24,OMR4.24,OMR4.24,OMR4.24,OMR4.24,OMR4.24,,OMR4.24,OMR4.24,OMR4.24,OMR4.24,OMR4.24,OMR4.24,OMR4.24,,,,,OMR4.24,,OMR4.24,OMR4.24,,OMR4.24,,,,,,,,,,,,,,,,,,,,,,,,,,,,,,,,,,OMR4.24,,OMR4.24,,,OMR4.24,OMR4.24,,,OMR4.24,,,OMR4.24,,,,OMR4.24,,OMR4.24,OMR4.24,,,OMR4.24,,,OMR4.24,,,OMR4.24,,OMR4.24,,OMR4.24,,,OMR4.24,,,OMR4.24,,OMR4.24,OMR4.24,OMR4.24,,OMR4.24,OMR4.24,OMR4.24,OMR4.24,
رسائل غسان كنفاني إلى غادة السمان,3018400,No,OMR3.39,OMR3.39,OMR3.39,OMR3.39,OMR3.39,OMR3.39,OMR3.39,OMR3.39,OMR3.39,OMR3.39,,,OMR3.39,OMR3.39,,,OMR3.39,OMR3.39,OMR3.39,OMR3.39,,,OMR3.39,OMR3.39,OMR3.39,OMR3.39,OMR3.39,OMR3.39,OMR3.39,OMR3.39,OMR3.39,OMR3.39,OMR3.39,OMR3.39,OMR3.39,OMR3.39,OMR3.39,OMR3.39,OMR3.39,OMR3.39,,OMR3.39,,OMR3.39,,OMR3.39,OMR3.39,OMR3.39,OMR3.39,OMR3.39,OMR3.39,OMR3.39,OMR3.39,,OMR3.39,,OMR3.39,,OMR3.39,OMR3.39,OMR3.39,OMR3.39,OMR3.39,,OMR3.39,,OMR3.39,OMR3.39,,OMR3.39,OMR3.39,OMR3.39,OMR3.39,,OMR3.39,OMR3.39,OMR3.39,OMR3.39,OMR3.39,OMR3.39,OMR3.39,OMR3.39,OMR3.39,OMR3.39,OMR3.39,,OMR3.39,,OMR3.39,OMR3.39,OMR3.39,,OMR3.39,OMR3.39,OMR3.39,OMR3.39,OMR3.39,OMR3.39,OMR3.39,OMR3.39,OMR3.39,OMR3.39,OMR3.39,OMR3.39,OMR3.39,OMR3.39,OMR3.39,OMR3.39,OMR3.39,OMR3.39,,OMR3.39,OMR3.39,OMR3.39,OMR3.39,OMR3.39,OMR3.39,OMR3.39,OMR3.39,OMR3.39,OMR3.39,,,OMR3.39,,,OMR3.39,OMR3.39,OMR3.39,OMR3.39,,OMR3.39,,OMR3.39,,OMR3.39,,,,,OMR3.39,OMR3.39,OMR3.39,,OMR3.39,OMR3.39,OMR3.39,OMR3.39,OMR3.39,OMR3.39,OMR3.39,OMR3.39,OMR3.39,OMR3.39,OMR3.39,OMR3.39,OMR3.39,OMR3.39,OMR3.39,OMR3.39,OMR3.39,,OMR3.39,OMR3.39,OMR3.39,OMR3.39,OMR3.39,OMR3.39,OMR3.39,,OMR3.39,,OMR3.39,,OMR3.39,,OMR3.39,,OMR3.39,,OMR3.39,OMR3.39,,OMR3.39,OMR3.39,OMR3.39,,OMR3.39,,,,OMR3.39,,OMR3.39,OMR3.39,,OMR3.39,OMR3.39,OMR3.39,OMR3.39,,OMR3.39,OMR3.39,,OMR3.39,OMR3.39,,OMR3.39,OMR3.39,OMR3.39,OMR3.39,,OMR3.39,OMR3.39,OMR3.39,OMR3.39,,OMR3.39,OMR3.39,OMR3.39,OMR3.39,OMR3.39,OMR3.39,OMR3.39,,OMR3.39,,OMR3.39,OMR3.39,OMR3.39,OMR3.39,OMR3.39,OMR3.39,OMR3.39,OMR3.39,OMR3.39,OMR3.39,OMR3.39,OMR3.39,
سيكولوجية الجماهير,3001901,9781855168152,OMR3.85,OMR3.85,,OMR3.85,,OMR3.85,OMR3.85,OMR3.85,OMR3.85,OMR3.85,OMR3.85,,,,,OMR3.85,,,OMR3.85,OMR3.85,,OMR3.85,,OMR3.85,,,OMR3.85,OMR3.85,OMR3.85,,OMR3.85,OMR3.85,,,OMR3.85,OMR3.85,OMR3.85,OMR3.85,OMR3.85,,OMR3.85,,OMR3.85,OMR3.85,OMR3.85,OMR3.85,OMR3.85,,,OMR3.85,,OMR3.85,OMR3.85,,OMR3.85,,,OMR3.85,OMR3.85,OMR3.85,OMR3.85,OMR3.85,OMR3.85,,,,OMR3.85,OMR3.85,OMR3.85,OMR3.85,OMR3.85,OMR3.85,OMR3.85,OMR3.85,OMR3.85,,OMR3.85,OMR3.85,OMR3.85,OMR3.85,OMR3.85,OMR3.85,OMR3.85,OMR3.85,OMR3.85,OMR3.85,OMR3.85,,,OMR3.85,OMR3.85,OMR3.85,OMR3.85,OMR3.85,OMR3.85,OMR3.85,OMR3.85,OMR3.85,OMR3.85,OMR3.85,,OMR3.85,,,OMR3.85,,OMR3.85,OMR3.85,OMR3.85,OMR3.85,OMR3.85,OMR3.85,OMR3.85,,,OMR3.85,OMR3.85,OMR3.85,OMR3.85,OMR3.85,OMR3.85,,OMR3.85,OMR3.85,,OMR3.85,OMR3.85,,OMR3.85,,,OMR3.85,OMR3.85,OMR3.85,OMR3.85,OMR3.85,OMR3.85,OMR3.85,OMR3.85,OMR3.85,OMR3.85,OMR3.85,OMR3.85,OMR3.85,OMR3.85,OMR3.85,,OMR3.85,OMR3.85,,OMR3.85,OMR3.85,OMR3.85,,OMR3.85,,OMR3.85,OMR3.85,,,OMR3.85,OMR3.85,,,OMR3.85,OMR3.85,OMR3.85,,OMR3.85,OMR3.85,OMR3.85,OMR3.85,OMR3.85,OMR3.85,,OMR3.85,OMR3.85,OMR3.85,OMR3.85,,OMR3.85,OMR3.85,,OMR3.85,,OMR3.85,OMR3.85,OMR3.85,,OMR3.85,OMR3.85,OMR3.85,OMR3.85,OMR3.85,OMR3.85,OMR3.85,OMR3.85,OMR3.85,OMR3.85,OMR3.85,,OMR3.85,OMR3.85,OMR3.85,,OMR3.85,,,OMR3.85,OMR3.85,,OMR3.85,OMR3.85,OMR3.85,OMR3.85,OMR3.85,OMR3.85,OMR3.85,,OMR3.85,,OMR3.85,OMR3.85,OMR3.85,,OMR3.85,,,OMR3.85,,OMR3.85,OMR3.85,OMR3.85,OMR3.85,OMR3.85,OMR3.85,,,OMR3.85,OMR3.85
سيدات القمر,3075604,9789953891552,OMR3.47,OMR3.47,OMR3.47,,,OMR3.47,,OMR3.47,,OMR3.47,OMR3.47,OMR3.47,OMR3.47,OMR3.47,,OMR3.47,,OMR3.47,OMR3.47,OMR3.47,OMR3.47,OMR3.47,OMR3.47,OMR3.47,OMR3.47,OMR3.47,OMR3.47,,OMR3.47,OMR3.47,OMR3.47,OMR3.47,OMR3.47,OMR3.47,OMR3.47,OMR3.47,OMR3.47,,OMR3.47,OMR3.47,OMR3.47,OMR3.47,,,OMR3.47,OMR3.47,OMR3.47,OMR3.47,OMR3.47,OMR3.47,OMR3.47,OMR3.47,OMR3.47,OMR3.47,OMR3.47,OMR3.47,OMR3.47,OMR3.47,OMR3.47,,OMR3.47,OMR3.47,OMR3.47,,OMR3.47,OMR3.47,OMR3.47,OMR3.47,OMR3.47,OMR3.47,OMR3.47,OMR3.47,OMR3.47,OMR3.47,OMR3.47,,OMR3.47,OMR3.47,OMR3.47,OMR3.47,OMR3.47,OMR3.47,OMR3.47,OMR3.47,OMR3.47,OMR3.47,OMR3.47,,OMR3.47,OMR3.47,,OMR3.47,,OMR3.47,OMR3.47,OMR3.47,OMR3.47,OMR3.47,OMR3.47,,,OMR3.47,OMR3.47,OMR3.47,OMR3.47,OMR3.47,OMR3.47,,OMR3.47,OMR3.47,OMR3.47,,OMR3.47,OMR3.47,OMR3.47,OMR3.47,OMR3.47,OMR3.47,OMR3.47,OMR3.47,OMR3.47,OMR3.47,OMR3.47,OMR3.47,OMR3.47,,OMR3.47,OMR3.47,,OMR3.47,OMR3.47,OMR3.47,,OMR3.47,OMR3.47,OMR3.47,OMR3.47,OMR3.47,OMR3.47,OMR3.47,OMR3.47,OMR3.47,OMR3.47,OMR3.47,OMR3.47,OMR3.47,OMR3.47,OMR3.47,OMR3.47,OMR3.47,OMR3.47,,OMR3.47,,OMR3.47,,OMR3.47,OMR3.47,OMR3.47,OMR3.47,OMR3.47,,OMR3.47,OMR3.47,OMR3.47,OMR3.47,OMR3.47,OMR3.47,OMR3.47,OMR3.47,OMR3.47,OMR3.47,OMR3.47,OMR3.47,OMR3.47,OMR3.47,OMR3.47,OMR3.47,OMR3.47,OMR3.47,,,OMR3.47,,OMR3.47,OMR3.47,OMR3.47,OMR3.47,,OMR3.47,OMR3.47,,OMR3.47,OMR3.47,OMR3.47,OMR3.47,OMR3.47,OMR3.47,OMR3.47,OMR3.47,OMR3.47,OMR3.47,OMR3.47,OMR3.47,OMR3.47,OMR3.47,OMR3.47,,OMR3.47,OMR3.47,OMR3.47,OMR3.47,OMR3.47,,OMR3.47,,,,,,OMR3.47,,,OMR3.47,,OMR3.47,OMR3.47,,,,OMR3.47,OMR3.47,,,OMR3.47,OMR3.47,OMR3.47,OMR3.47,OMR3.47,
شقة الحرية,3004707,9781855132726,OMR4.16,OMR4.16,,OMR4.16,OMR4.16,,OMR4.16,OMR4.16,OMR4.16,OMR4.16,OMR4.16,OMR4.16,OMR4.16,OMR4.16,,OMR4.16,,OMR4.16,,OMR4.16,OMR4.16,OMR4.16,OMR4.16,,,OMR4.16,,,OMR4.16,,,,OMR4.16,,,OMR4.16,OMR4.16,OMR4.16,OMR4.16,OMR4.16,OMR4.16,OMR4.16,OMR4.16,OMR4.16,OMR4.16,OMR4.16,OMR4.16,OMR4.16,OMR4.16,OMR4.16,OMR4.16,OMR4.16,OMR4.16,OMR4.16,OMR4.16,OMR4.16,OMR4.16,OMR4.16,OMR4.16,OMR4.16,OMR4.16,,,,OMR4.16,,,,OMR4.16,,,,OMR4.16,,,,OMR4.16,,OMR4.16,,OMR4.16,OMR4.16,OMR4.16,OMR4.16,OMR4.16,OMR4.16,,,,,OMR4.16,,,OMR4.16,,OMR4.16,OMR4.16,,OMR4.16,OMR4.16,OMR4.16,,,,OMR4.16,OMR4.16,OMR4.16,OMR4.16,OMR4.16,OMR4.16,OMR4.16,,,,,,,,,,OMR4.16,,OMR4.16,,,OMR4.16,OMR4.16,,OMR4.16,,OMR4.16,OMR4.16,,,OMR4.16,,OMR4.16,OMR4.16,OMR4.16,OMR4.16,OMR4.16,OMR4.16,OMR4.16,OMR4.16,OMR4.16,OMR4.16,OMR4.16,,OMR4.16,,OMR4.16,,,OMR4.16,OMR4.16,,,OMR4.16,,OMR4.16,OMR4.16,OMR4.16,OMR4.16,OMR4.16,,OMR4.16,OMR4.16,OMR4.16,,OMR4.16,,,OMR4.16,,OMR4.16,OMR4.16,OMR4.16,OMR4.16,OMR4.16,,OMR4.16,OMR4.16,OMR4.16,OMR4.16,OMR4.16,OMR4.16,,OMR4.16,,OMR4.16,,,,OMR4.16,OMR4.16,,OMR4.16,,OMR4.16,,OMR4.16,OMR4.16,OMR4.16,OMR4.16,OMR4.16,OMR4.16,OMR4.16,OMR4.16,OMR4.16,OMR4.16,OMR4.16,OMR4.16,,OMR4.16,OMR4.16,OMR4.16,,,OMR4.16,OMR4.16,OMR4.16,,OMR4.16,,OMR4.16,,OMR4.16,OMR4.16,OMR4.16,,OMR4.16,OMR4.16,OMR4.16,OMR4.16,OMR4.16,OMR4.16,OMR4.16,,,OMR4.16
عالم صوفي : رواية حول تاريخ الفلسفة,3016379,9789188356116,OMR8.86,OMR8.86,OMR8.86,OMR8.86,OMR8.86,OMR8.86,OMR8.86,OMR8.86,OMR8.86,,OMR8.86,OMR8.86,OMR8.86,OMR8.86,OMR8.86,OMR8.86,OMR8.86,,OMR8.86,OMR8.86,OMR8.86,OMR8.86,OMR8.86,OMR8.86,OMR8.86,OMR8.86,OMR8.86,OMR8.86,OMR8.86,OMR8.86,,OMR8.86,OMR8.86,OMR8.86,OMR8.86,,OMR8.86,OMR8.86,OMR8.86,OMR8.86,OMR8.86,OMR8.86,OMR8.86,OMR8.86,OMR8.86,OMR8.86,OMR8.86,OMR8.86,OMR8.86,,,OMR8.86,OMR8.86,OMR8.86,,,OMR8.86,OMR8.86,OMR8.86,OMR8.86,OMR8.86,,OMR8.86,,OMR8.86,OMR8.86,OMR8.86,OMR8.86,OMR8.86,OMR8.86,OMR8.86,OMR8.86,OMR8.86,OMR8.86,OMR8.86,,OMR8.86,OMR8.86,OMR8.86,OMR8.86,OMR8.86,OMR8.86,,OMR8.86,OMR8.86,OMR8.86,OMR8.86,OMR8.86,OMR8.86,OMR8.86,,OMR8.86,,,OMR8.86,OMR8.86,OMR8.86,,OMR8.86,OMR8.86,OMR8.86,,OMR8.86,OMR8.86,OMR8.86,OMR8.86,OMR8.86,OMR8.86,OMR8.86,OMR8.86,OMR8.86,OMR8.86,OMR8.86,OMR8.86,OMR8.86,OMR8.86,,OMR8.86,OMR8.86,OMR8.86,OMR8.86,OMR8.86,OMR8.86,OMR8.86,OMR8.86,OMR8.86,,OMR8.86,OMR8.86,OMR8.86,OMR8.86,OMR8.86,OMR8.86,OMR8.86,OMR8.86,OMR8.86,OMR8.86,OMR8.86,OMR8.86,OMR8.86,OMR8.86,OMR8.86,OMR8.86,OMR8.86,OMR8.86,OMR8.86,,OMR8.86,,OMR8.86,,OMR8.86,,OMR8.86,OMR8.86,,OMR8.86,,OMR8.86,,,OMR8.86,OMR8.86,,,OMR8.86,OMR8.86,OMR8.86,,OMR8.86,,OMR8.86,,OMR8.86,,OMR8.86,OMR8.86,,OMR8.86,OMR8.86,OMR8.86,OMR8.86,OMR8.86,OMR8.86,OMR8.86,OMR8.86,OMR8.86,,OMR8.86,,OMR8.86,OMR8.86,OMR8.86,OMR8.86,OMR8.86,OMR8.86,OMR8.86,OMR8.86,OMR8.86,OMR8.86,OMR8.86,OMR8.86,OMR8.86,OMR8.86,OMR8.86,OMR8.86,,OMR8.86,OMR8.86,,,,OMR8.86,,,OMR8.86,OMR8.86,OMR8.86,,,OMR8.86,OMR8.86,OMR8.86,OMR8.86,,OMR8.86,OMR8.86,OMR8.86,OMR8.86,OMR8.86,OMR8.86,OMR8.86,OMR8.86,OMR8.86,,OMR8.86,OMR8.86,OMR8.86,OMR8.86,OMR8.86
كافكا على الشاطئ,3070376,9789953682839,OMR6.16,OMR6.16,OMR6.16,,OMR6.16,OMR6.16,OMR6.16,OMR6.16,OMR6.16,OMR6.16,,OMR6.16,,OMR6.16,,OMR6.16,OMR6.16,OMR6.16,OMR6.16,OMR6.16,OMR6.16,OMR6.16,OMR6.16,OMR6.16,OMR6.16,OMR6.16,,OMR6.16,,OMR6.16,OMR6.16,OMR6.16,OMR6.16,OMR6.16,,,OMR6.16,OMR6.16,OMR6.16,OMR6.16,OMR6.16,OMR6.16,OMR6.16,,,OMR6.16,OMR6.16,OMR6.16,OMR6.16,,OMR6.16,OMR6.16,OMR6.16,OMR6.16,,,OMR6.16,OMR6.16,OMR6.16,OMR6.16,OMR6.16,,OMR6.16,,,OMR6.16,,,OMR6.16,,,OMR6.16,OMR6.16,,,,OMR6.16,,OMR6.16,OMR6.16,OMR6.16,OMR6.16,OMR6.16,OMR6.16,OMR6.16,OMR6.16,OMR6.16,OMR6.16,OMR6.16,OMR6.16,OMR6.16,OMR6.16,,,,OMR6.16,OMR6.16,,OMR6.16,OMR6.16,OMR6.16,OMR6.16,,,OMR6.16,OMR6.16,OMR6.16,,OMR6.16,,OMR6.16,OMR6.16,OMR6.16,OMR6.16,OMR6.16,OMR6.16,,OMR6.16,OMR6.16,OMR6.16,OMR6.16,OMR6.16,OMR6.16,OMR6.16,OMR6.16,OMR6.16,OMR6.16,OMR6.16,,OMR6.16,,OMR6.16,OMR6.16,OMR6.16,OMR6.16,,OMR6.16,OMR6.16,OMR6.16,OMR6.16,OMR6.16,OMR6.16,OMR6.16,OMR6.16,OMR6.16,OMR6.16,,,OMR6.16,OMR6.16,OMR6.16,OMR6.16,OMR6.16,OMR6.16,OMR6.16,,OMR6.16,OMR6.16,OMR6.16,OMR6.16,OMR6.16,,OMR6.16,OMR6.16,OMR6.16,OMR6.16,OMR6.16,OMR6.16,OMR6.16,,OMR6.16,,,,,OMR6.16,OMR6.16,OMR6.16,OMR6.16,OMR6.16,OMR6.16,OMR6.16,OMR6.16,,OMR6.16,OMR6.16,,OMR6.16,,,,,OMR6.16,,,,,OMR6.16,OMR6.16,OMR6.16,OMR6.16,,,OMR6.16,OMR6.16,OMR6.16,OMR6.16,OMR6.16,OMR6.16,OMR6.16,OMR6.16,OMR6.16,OMR6.16,OMR6.16,,OMR6.16,OMR6.16,OMR6.16,OMR6.16,,,OMR6.16,,OMR6.16,,,OMR6.16,OMR6.16,OMR6.16,OMR6.16,OMR6.16,OMR6.16,OMR6.16,OMR6.16,,OMR6.16,OMR6.16,OMR6.16,OMR6.16,OMR6.16
خماسية مدن الملح,3018131,9786144190630,,OMR19.25,OMR19.25,OMR19.25,,OMR19.25,OMR19.25,OMR19.25,OMR19.25,OMR19.25,OMR19.25,OMR19.25,OMR19.25,OMR19.25,OMR19.25,OMR19.25,,OMR19.25,,OMR19.25,OMR19.25,OMR19.25,,OMR19.25,OMR19.25,OMR19.25,OMR19.25,OMR19.25,OMR19.25,OMR19.25,OMR19.25,OMR19.25,OMR19.25,OMR19.25,OMR19.25,OMR19.25,,OMR19.25,OMR19.25,OMR19.25,OMR19.25,OMR19.25,,OMR19.25,,OMR19.25,,OMR19.25,,,,,,,,,,OMR19.25,,OMR19.25,OMR19.25,OMR19.25,,,,,OMR19.25,,OMR19.25,,OMR19.25,,,OMR19.25,OMR19.25,OMR19.25,OMR19.25,OMR19.25,OMR19.25,OMR19.25,OMR19.25,OMR19.25,,OMR19.25,OMR19.25,OMR19.25,OMR19.25,OMR19.25,OMR19.25,OMR19.25,OMR19.25,OMR19.25,OMR19.25,OMR19.25,OMR19.25,,OMR19.25,OMR19.25,OMR19.25,OMR19.25,OMR19.25,OMR19.25,OMR19.25,,OMR19.25,OMR19.25,OMR19.25,OMR19.25,,OMR19.25,OMR19.25,OMR19.25,OMR19.25,OMR19.25,OMR19.25,,OMR19.25,,OMR19.25,OMR19.25,OMR19.25,OMR19.25,OMR19.25,OMR19.25,OMR19.25,OMR19.25,OMR19.25,,OMR19.25,OMR19.25,OMR19.25,OMR19.25,OMR19.25,OMR19.25,OMR19.25,,OMR19.25,OMR19.25,OMR19.25,OMR19.25,OMR19.25,,OMR19.25,OMR19.25,OMR19.25,,OMR19.25,OMR19.25,OMR19.25,,OMR19.25,,OMR19.25,,OMR19.25,,OMR19.25,OMR19.25,,OMR19.25,,OMR19.25,OMR19.25,OMR19.25,OMR19.25,OMR19.25,OMR19.25,,OMR19.25,,OMR19.25,,OMR19.25,OMR19.25,,OMR19.25,OMR19.25,OMR19.25,OMR19.25,OMR19.25,OMR19.25,OMR19.25,OMR19.25,OMR19.25,OMR19.25,OMR19.25,OMR19.25,OMR19.25,,,OMR19.25,OMR19.25,OMR19.25,OMR19.25,OMR19.25,OMR19.25,OMR19.25,,OMR19.25,OMR19.25,OMR19.25,OMR19.25,,OMR19.25,,OMR19.25,OMR19.25,OMR19.25,OMR19.25,OMR19.25,OMR19.25,,,,,,OMR19.25,OMR19.25,,OMR19.25,,,OMR19.25,,,OMR19.25,,OMR19.25,OMR19.25,OMR19.25,OMR19.25,OMR19.25,OMR19.25,OMR19.25,OMR19.25,OMR19.25,OMR19.25,OMR19.25,OMR19.25,OMR19.25
مهزلة العقل البشري,3016261,9789933521578,OMR5.76,OMR5.76,OMR5.76,,OMR5.76,OMR5.76,OMR5.76,,OMR5.76,OMR5.76,,OMR5.76,,OMR5.76,OMR5.76,OMR5.76,OMR5.76,OMR5.76,OMR5.76,OMR5.76,OMR5.76,,,,,,OMR5.76,,OMR5.76,OMR5.76,,,OMR5.76,,,OMR5.76,OMR5.76,,,OMR5.76,OMR5.76,,OMR5.76,OMR5.76,OMR5.76,OMR5.76,,OMR5.76,,OMR5.76,,OMR5.76,,,OMR5.76,,,OMR5.76,OMR5.76,OMR5.76,OMR5.76,,,OMR5.76,OMR5.76,OMR5.76,,OMR5.76,,OMR5.76,OMR5.76,OMR5.76,,OMR5.76,OMR5.76,,OMR5.76,OMR5.76,,OMR5.76,OMR5.76,,OMR5.76,,OMR5.76,,,OMR5.76,OMR5.76,,,,OMR5.76,OMR5.76,,OMR5.76,,OMR5.76,OMR5.76,,OMR5.76,,,,,OMR5.76,,OMR5.76,OMR5.76,OMR5.76,OMR5.76,OMR5.76,OMR5.76,OMR5.76,OMR5.76,OMR5.76,OMR5.76,OMR5.76,,OMR5.76,OMR5.76,,OMR5.76,OMR5.76,OMR5.76,OMR5.76,OMR5.76,OMR5.76,,,OMR5.76,OMR5.76,,OMR5.76,,OMR5.76,OMR5.76,OMR5.76,OMR5.76,OMR5.76,OMR5.76,OMR5.76,,OMR5.76,,,OMR5.76,,,OMR5.76,OMR5.76,OMR5.76,OMR5.76,OMR5.76,,OMR5.76,OMR5.76,OMR5.76,OMR5.76,,OMR5.76,OMR5.76,OMR5.76,OMR5.76,OMR5.76,OMR5.76,OMR5.76,OMR5.76,OMR5.76,OMR5.76,OMR5.76,OMR5.76,OMR5.76,OMR5.76,OMR5.76,OMR5.76,OMR5.76,OMR5.76,,OMR5.76,,OMR5.76,,OMR5.76,,OMR5.76,OMR5.76,OMR5.76,,,,OMR5.76,OMR5.76,OMR5.76,OMR5.76,OMR5.76,,OMR5.76,OMR5.76,OMR5.76,OMR5.76,OMR5.76,,OMR5.76,,,,OMR5.76,OMR5.76,OMR5.76,OMR5.76,OMR5.76,OMR5.76,OMR5.76,OMR5.76,OMR5.76,OMR5.76,OMR5.76,,OMR5.76,OMR5.76,OMR5.76,OMR5.76,OMR5.76,,,,OMR5.76,OMR5.76,OMR5.76,OMR5.76,,,OMR5.76,OMR5.76,OMR5.76,OMR5.76,OMR5.76,OMR5.76,OMR5.76
وعاظ السلاطين,3073341,9789933493134,,OMR5.76,OMR5.76,,OMR5.76,OMR5.76,OMR5.76,OMR5.76,,OMR5.76,,OMR5.76,OMR5.76,OMR5.76,OMR5.76,OMR5.76,OMR5.76,OMR5.76,OMR5.76,OMR5.76,OMR5.76,OMR5.76,,OMR5.76,OMR5.76,OMR5.76,OMR5.76,OMR5.76,OMR5.76,OMR5.76,OMR5.76,,OMR5.76,OMR5.76,OMR5.76,OMR5.76,OMR5.76,OMR5.76,OMR5.76,OMR5.76,OMR5.76,,OMR5.76,,OMR5.76,OMR5.76,OMR5.76,OMR5.76,OMR5.76,OMR5.76,OMR5.76,OMR5.76,OMR5.76,OMR5.76,OMR5.76,OMR5.76,,OMR5.76,,OMR5.76,,OMR5.76,,,,,,,,OMR5.76,OMR5.76,,OMR5.76,OMR5.76,OMR5.76,OMR5.76,,OMR5.76,,OMR5.76,,OMR5.76,OMR5.76,OMR5.76,OMR5.76,OMR5.76,OMR5.76,OMR5.76,OMR5.76,OMR5.76,OMR5.76,OMR5.76,OMR5.76,OMR5.76,OMR5.76,OMR5.76,OMR5.76,OMR5.76,OMR5.76,OMR5.76,OMR5.76,OMR5.76,OMR5.76,OMR5.76,OMR5.76,OMR5.76,OMR5.76,OMR5.76,OMR5.76,OMR5.76,OMR5.76,OMR5.76,OMR5.76,OMR5.76,OMR5.76,OMR5.76,OMR5.76,OMR5.76,,OMR5.76,OMR5.76,OMR5.76,OMR5.76,OMR5.76,OMR5.76,OMR5.76,OMR5.76,,OMR5.76,OMR5.76,,OMR5.76,OMR5.76,OMR5.76,OMR5.76,OMR5.76,OMR5.76,OMR5.76,OMR5.76,OMR5.76,OMR5.76,OMR5.76,OMR5.76,OMR5.76,OMR5.76,OMR5.76,OMR5.76,OMR5.76,OMR5.76,OMR5.76,OMR5.76,OMR5.76,OMR5.76,OMR5.76,OMR5.76,OMR5.76,OMR5.76,OMR5.76,OMR5.76,OMR5.76,OMR5.76,OMR5.76,OMR5.76,OMR5.76,OMR5.76,OMR5.76,OMR5.76,OMR5.76,OMR5.76,OMR5.76,OMR5.76,OMR5.76,OMR5.76,OMR5.76,OMR5.76,OMR5.76,OMR5.76,OMR5.76,OMR5.76,OMR5.76,OMR5.76,OMR5.76,OMR5.76,OMR5.76,OMR5.76,OMR5.76,OMR5.76,OMR5.76,,OMR5.76,OMR5.76,OMR5.76,OMR5.76,OMR5.76,OMR5.76,OMR5.76,OMR5.76,,OMR5.76,OMR5.76,OMR5.76,OMR5.76,OMR5.76,OMR5.76,,OMR5.76,OMR5.76,OMR5.76,OMR5.76,OMR5.76,OMR5.76,OMR5.76,,OMR5.76,OMR5.76,,OMR5.76,OMR5.76,OMR5.76,OMR5.76,OMR5.76,OMR5.76,OMR5.76,OMR5.76,,OMR5.76,OMR5.76,OMR5.76,,OMR5.76,OMR5.76,OMR5.76,OMR5.76,OMR5.76,OMR5.76,OMR5.76,OMR5.76,OMR5.76,OMR5.76,OMR5.76
العادات السبع للناس الأكثر فعالية,1014834,282202218,OMR6.74,OMR6.74,OMR6.74,OMR6.74,OMR6.74,OMR6.74,OMR6.74,OMR6.74,OMR6.74,OMR6.74,OMR6.74,OMR6.74,OMR6.74,OMR6.74,OMR6.74,OMR6.74,OMR6.74,,OMR6.74,,OMR6.74,OMR6.74,OMR6.74,OMR6.74,OMR6.74,OMR6.74,OMR6.74,OMR6.74,OMR6.74,OMR6.74,OMR6.74,OMR6.74,OMR6.74,OMR6.74,OMR6.74,OMR6.74,OMR6.74,OMR6.74,OMR6.74,OMR6.74,OMR6.74,OMR6.74,OMR6.74,OMR6.74,OMR6.74,OMR6.74,OMR6.74,OMR6.74,OMR6.74,OMR6.74,OMR6.74,OMR6.74,OMR6.74,OMR6.74,,OMR6.74,OMR6.74,OMR6.74,OMR6.74,OMR6.74,OMR6.74,OMR6.74,OMR6.74,,,OMR6.74,OMR6.74,OMR6.74,OMR6.74,OMR6.74,OMR6.74,OMR6.74,,,OMR6.74,OMR6.74,OMR6.74,OMR6.74,OMR6.74,OMR6.74,OMR6.74,,,OMR6.74,,OMR6.74,OMR6.74,,OMR6.74,,OMR6.74,OMR6.74,,OMR6.74,OMR6.74,OMR6.74,OMR6.74,OMR6.74,OMR6.74,OMR6.74,OMR6.74,OMR6.74,OMR6.74,OMR6.74,,,OMR6.74,OMR6.74,OMR6.74,OMR6.74,OMR6.74,OMR6.74,OMR6.74,OMR6.74,OMR6.74,OMR6.74,OMR6.74,OMR6.74,OMR6.74,OMR6.74,OMR6.74,OMR6.74,OMR6.74,OMR6.74,OMR6.74,OMR6.74,OMR6.74,OMR6.74,OMR6.74,OMR6.74,OMR6.74,OMR6.74,OMR6.74,OMR6.74,OMR6.74,,OMR6.74,OMR6.74,,OMR6.74,OMR6.74,OMR6.74,,,OMR6.74,OMR6.74,,OMR6.74,OMR6.74,,OMR6.74,,OMR6.74,OMR6.74,OMR6.74,OMR6.74,OMR6.74,,OMR6.74,OMR6.74,OMR6.74,OMR6.74,,OMR6.74,,OMR6.74,,OMR6.74,OMR6.74,,OMR6.74,OMR6.74,OMR6.74,OMR6.74,OMR6.74,OMR6.74,OMR6.74,OMR6.74,OMR6.74,OMR6.74,OMR6.74,OMR6.74,OMR6.74,OMR6.74,OMR6.74,OMR6.74,OMR6.74,OMR6.74,,,OMR6.74,OMR6.74,OMR6.74,,OMR6.74,OMR6.74,,OMR6.74,OMR6.74,,OMR6.74,OMR6.74,,,OMR6.74,OMR6.74,OMR6.74,OMR6.74,OMR6.74,OMR6.74,OMR6.74,OMR6.74,OMR6.74,OMR6.74,OMR6.74,,,OMR6.74,,,OMR6.74,OMR6.74,OMR6.74,OMR6.74,,,,OMR6.74,OMR6.74,,OMR6.74,OMR6.74,,,OMR6.74,,OMR6.74,OMR6.74,OMR6.74,OMR6.74
عداء الطائرة الورقية,4000003,9789992178966,OMR5.39,OMR5.39,,OMR5.39,,,OMR5.39,OMR5.39,OMR5.39,OMR5.39,OMR5.39,OMR5.39,OMR5.39,,OMR5.39,,OMR5.39,,OMR5.39,,OMR5.39,OMR5.39,OMR5.39,,OMR5.39,,OMR5.39,OMR5.39,OMR5.39,OMR5.39,OMR5.39,,OMR5.39,OMR5.39,OMR5.39,OMR5.39,,OMR5.39,,,,OMR5.39,,OMR5.39,,OMR5.39,OMR5.39,OMR5.39,OMR5.39,OMR5.39,,OMR5.39,OMR5.39,,OMR5.39,,OMR5.39,OMR5.39,OMR5.39,OMR5.39,,,OMR5.39,,,OMR5.39,OMR5.39,OMR5.39,OMR5.39,OMR5.39,OMR5.39,OMR5.39,OMR5.39,OMR5.39,OMR5.39,,OMR5.39,,OMR5.39,OMR5.39,OMR5.39,OMR5.39,OMR5.39,OMR5.39,OMR5.39,,OMR5.39,OMR5.39,OMR5.39,OMR5.39,,OMR5.39,OMR5.39,,OMR5.39,OMR5.39,,OMR5.39,OMR5.39,OMR5.39,OMR5.39,OMR5.39,OMR5.39,OMR5.39,OMR5.39,OMR5.39,OMR5.39,OMR5.39,,OMR5.39,OMR5.39,OMR5.39,,,OMR5.39,OMR5.39,OMR5.39,OMR5.39,OMR5.39,OMR5.39,OMR5.39,,OMR5.39,OMR5.39,OMR5.39,OMR5.39,,OMR5.39,OMR5.39,OMR5.39,OMR5.39,OMR5.39,OMR5.39,OMR5.39,OMR5.39,OMR5.39,OMR5.39,OMR5.39,OMR5.39,OMR5.39,OMR5.39,OMR5.39,OMR5.39,OMR5.39,OMR5.39,OMR5.39,OMR5.39,,,OMR5.39,OMR5.39,,OMR5.39,,,OMR5.39,OMR5.39,OMR5.39,OMR5.39,,OMR5.39,OMR5.39,OMR5.39,OMR5.39,OMR5.39,OMR5.39,OMR5.39,OMR5.39,,OMR5.39,OMR5.39,,OMR5.39,OMR5.39,OMR5.39,OMR5.39,OMR5.39,,OMR5.39,OMR5.39,OMR5.39,OMR5.39,OMR5.39,OMR5.39,,,,OMR5.39,,OMR5.39,OMR5.39,OMR5.39,OMR5.39,OMR5.39,OMR5.39,,OMR5.39,OMR5.39,OMR5.39,OMR5.39,,,OMR5.39,,,,OMR5.39,OMR5.39,OMR5.39,OMR5.39,OMR5.39,,OMR5.39,OMR5.39,OMR5.39,,OMR5.39,OMR5.39,,OMR5.39,OMR5.39,OMR5.39,OMR5.39,OMR5.39,,OMR5.39,OMR5.39,OMR5.39,OMR5.39,OMR5.39,OMR5.39,,OMR5.39,,OMR5.39,OMR5.39,,OMR5.39,,OMR5.39
ألف شمس ساطعة,4000004,9789992194065,OMR6.20,OMR6.20,OMR6.20,,OMR6.20,,,OMR6.20,OMR6.20,,OMR6.20,OMR6.20,OMR6.20,OMR6.20,OMR6.20,OMR6.20,OMR6.20,OMR6.20,,OMR6.20,,OMR6.20,,OMR6.20,OMR6.20,OMR6.20,OMR6.20,,OMR6.20,,OMR6.20,,OMR6.20,,,,,OMR6.20,,,OMR6.20,,,,OMR6.20,,OMR6.20,OMR6.20,OMR6.20,OMR6.20,OMR6.20,,,OMR6.20,,,OMR6.20,OMR6.20,,,OMR6.20,OMR6.20,,OMR6.20,OMR6.20,OMR6.20,OMR6.20,,OMR6.20,,OMR6.20,OMR6.20,OMR6.20,OMR6.20,OMR6.20,OMR6.20,,OMR6.20,,OMR6.20,OMR6.20,,OMR6.20,,OMR6.20,OMR6.20,,OMR6.20,OMR6.20,OMR6.20,OMR6.20,OMR6.20,OMR6.20,OMR6.20,OMR6.20,OMR6.20,OMR6.20,OMR6.20,OMR6.20,OMR6.20,OMR6.20,OMR6.20,OMR6.20,OMR6.20,OMR6.20,OMR6.20,,OMR6.20,,,OMR6.20,,OMR6.20,,,OMR6.20,,OMR6.20,OMR6.20,OMR6.20,OMR6.20,OMR6.20,OMR6.20,,,OMR6.20,OMR6.20,OMR6.20,,OMR6.20,,OMR6.20,,OMR6.20,OMR6.20,OMR6.20,OMR6.20,,OMR6.20,OMR6.20,OMR6.20,OMR6.20,OMR6.20,OMR6.20,OMR6.20,OMR6.20,OMR6.20,OMR6.20,OMR6.20,OMR6.20,OMR6.20,OMR6.20,OMR6.20,OMR6.20,OMR6.20,OMR6.20,OMR6.20,OMR6.20,OMR6.20,OMR6.20,OMR6.20,OMR6.20,OMR6.20,OMR6.20,OMR6.20,OMR6.20,OMR6.20,OMR6.20,OMR6.20,OMR6.20,OMR6.20,OMR6.20,OMR6.20,OMR6.20,OMR6.20,OMR6.20,,OMR6.20,,OMR6.20,OMR6.20,OMR6.20,OMR6.20,OMR6.20,OMR6.20,OMR6.20,OMR6.20,OMR6.20,,OMR6.20,OMR6.20,OMR6.20,,OMR6.20,OMR6.20,,OMR6.20,OMR6.20,OMR6.20,OMR6.20,OMR6.20,OMR6.20,OMR6.20,OMR6.20,,,OMR6.20,,,OMR6.20,OMR6.20,OMR6.20,OMR6.20,OMR6.20,,OMR6.20,OMR6.20,,OMR6.20,OMR6.20,OMR6.20,,OMR6.20,,OMR6.20,,OMR6.20,OMR6.20,OMR6.20,OMR6.20,OMR6.20,OMR6.20,,OMR6.20,,OMR6.20,,OMR6.20,,OMR6.20
قواعد العشق الأربعون,3087504,9789953892573,OMR6.64,OMR6.64,OMR6.64,OMR6.64,OMR6.64,OMR6.64,OMR6.64,OMR6.64,OMR6.64,OMR6.64,OMR6.64,OMR6.64,OMR6.64,OMR6.64,OMR6.64,,OMR6.64,OMR6.64,,OMR6.64,OMR6.64,OMR6.64,OMR6.64,OMR6.64,OMR6.64,OMR6.64,OMR6.64,OMR6.64,OMR6.64,,OMR6.64,OMR6.64,,,OMR6.64,,,OMR6.64,OMR6.64,OMR6.64,OMR6.64,,OMR6.64,,OMR6.64,OMR6.64,OMR6.64,OMR6.64,OMR6.64,OMR6.64,OMR6.64,,,OMR6.64,OMR6.64,OMR6.64,OMR6.64,OMR6.64,OMR6.64,OMR6.64,,OMR6.64,OMR6.64,,,,OMR6.64,OMR6.64,OMR6.64,OMR6.64,,OMR6.64,,OMR6.64,OMR6.64,,,OMR6.64,,,OMR6.64,OMR6.64,OMR6.64,OMR6.64,OMR6.64,,,OMR6.64,OMR6.64,OMR6.64,OMR6.64,OMR6.64,OMR6.64,OMR6.64,OMR6.64,OMR6.64,OMR6.64,OMR6.64,OMR6.64,OMR6.64,OMR6.64,OMR6.64,OMR6.64,OMR6.64,OMR6.64,OMR6.64,OMR6.64,,OMR6.64,OMR6.64,OMR6.64,OMR6.64,OMR6.64,,OMR6.64,OMR6.64,,OMR6.64,,OMR6.64,,OMR6.64,,OMR6.64,OMR6.64,OMR6.64,OMR6.64,OMR6.64,,OMR6.64,OMR6.64,OMR6.64,OMR6.64,,OMR6.64,OMR6.64,OMR6.64,OMR6.64,OMR6.64,OMR6.64,,OMR6.64,OMR6.64,OMR6.64,,OMR6.64,OMR6.64,OMR6.64,OMR6.64,OMR6.64,OMR6.64,OMR6.64,,OMR6.64,OMR6.64,OMR6.64,OMR6.64,OMR6.64,OMR6.64,OMR6.64,OMR6.64,OMR6.64,OMR6.64,OMR6.64,OMR6.64,OMR6.64,OMR6.64,,,OMR6.64,OMR6.64,,OMR6.64,OMR6.64,,,OMR6.64,OMR6.64,,OMR6.64,,,OMR6.64,,OMR6.64,OMR6.64,OMR6.64,OMR6.64,,,OMR6.64,,OMR6.64,OMR6.64,,OMR6.64,OMR6.64,OMR6.64,OMR6.64,OMR6.64,,OMR6.64,,OMR6.64,OMR6.64,,OMR6.64,,,OMR6.64,OMR6.64,OMR6.64,OMR6.64,OMR6.64,OMR6.64,OMR6.64,OMR6.64,OMR6.64,OMR6.64,OMR6.64,,OMR6.64,OMR6.64,OMR6.64,,,OMR6.64,OMR6.64,OMR6.64,OMR6.64,OMR6.64,OMR6.64,OMR6.64,OMR6.64,OMR6.64,OMR6.64,OMR6.64,OMR6.64,,OMR6.64
فى قلبى أنثى عبرية,1017636,9789776376441,OMR2.70,OMR2.70,OMR2.70,OMR2.70,OMR2.70,OMR2.70,OMR2.70,OMR2.70,OMR2.70,,,,OMR2.70,,OMR2.70,OMR2.70,OMR2.70,OMR2.70,OMR2.70,OMR2.70,,OMR2.70,OMR2.70,OMR2.70,OMR2.70,OMR2.70,OMR2.70,OMR2.70,OMR2.70,OMR2.70,OMR2.70,OMR2.70,OMR2.70,OMR2.70,,OMR2.70,OMR2.70,,OMR2.70,,OMR2.70,OMR2.70,,OMR2.70,OMR2.70,OMR2.70,OMR2.70,,,OMR2.70,,,OMR2.70,OMR2.70,,OMR2.70,,,OMR2.70,OMR2.70,OMR2.70,OMR2.70,OMR2.70,,,OMR2.70,OMR2.70,OMR2.70,OMR2.70,OMR2.70,OMR2.70,OMR2.70,OMR2.70,,OMR2.70,,OMR2.70,OMR2.70,OMR2.70,OMR2.70,,OMR2.70,OMR2.70,OMR2.70,,OMR2.70,OMR2.70,OMR2.70,OMR2.70,OMR2.70,OMR2.70,OMR2.70,OMR2.70,OMR2.70,OMR2.70,OMR2.70,OMR2.70,OMR2.70,OMR2.70,OMR2.70,OMR2.70,OMR2.70,OMR2.70,OMR2.70,OMR2.70,OMR2.70,OMR2.70,OMR2.70,OMR2.70,OMR2.70,OMR2.70,OMR2.70,OMR2.70,,OMR2.70,OMR2.70,OMR2.70,,OMR2.70,,OMR2.70,,OMR2.70,,OMR2.70,,OMR2.70,OMR2.70,OMR2.70,,OMR2.70,OMR2.70,OMR2.70,OMR2.70,OMR2.70,,,OMR2.70,OMR2.70,,OMR2.70,OMR2.70,,,OMR2.70,OMR2.70,OMR2.70,OMR2.70,,OMR2.70,OMR2.70,OMR2.70,OMR2.70,OMR2.70,OMR2.70,OMR2.70,OMR2.70,OMR2.70,OMR2.70,,OMR2.70,OMR2.70,OMR2.70,OMR2.70,OMR2.70,OMR2.70,OMR2.70,OMR2.70,OMR2.70,OMR2.70,,,OMR2.70,OMR2.70,,OMR2.70,,OMR2.70,OMR2.70,OMR2.70,OMR2.70,OMR2.70,OMR2.70,OMR2.70,,OMR2.70,OMR2.70,OMR2.70,,OMR2.70,OMR2.70,,OMR2.70,OMR2.70,OMR2.70,OMR2.70,OMR2.70,,OMR2.70,OMR2.70,OMR2.70,OMR2.70,OMR2.70,OMR2.70,OMR2.70,OMR2.70,,OMR2.70,OMR2.70,,,OMR2.70,OMR2.70,OMR2.70,OMR2.70,,OMR2.70,OMR2.70,OMR2.70,OMR2.70,OMR2.70,OMR2.70,OMR2.70,OMR2.70,,,OMR2.70,OMR2.70,,OMR2.70,OMR2.70,OMR2.70,OMR2.70,OMR2.70,OMR2.70,OMR2.70,OMR2.70,OMR2.70,OMR2.70,OMR2.70
الرقص مع الحياة,3088998,9789948425748,OMR3.47,OMR3.47,OMR3.47,OMR3.47,OMR3.47,OMR3.47,OMR3.47,OMR3.47,OMR3.47,OMR3.47,OMR3.47,OMR3.47,OMR3.47,OMR3.47,OMR3.47,OMR3.47,OMR3.47,OMR3.47,,,OMR3.47,OMR3.47,OMR3.47,OMR3.47,OMR3.47,OMR3.47,OMR3.47,OMR3.47,,OMR3.47,OMR3.47,OMR3.47,OMR3.47,,OMR3.47,,OMR3.47,OMR3.47,OMR3.47,,OMR3.47,OMR3.47,OMR3.47,OMR3.47,OMR3.47,OMR3.47,OMR3.47,OMR3.47,OMR3.47,OMR3.47,,,OMR3.47,OMR3.47,OMR3.47,OMR3.47,OMR3.47,OMR3.47,OMR3.47,,OMR3.47,OMR3.47,OMR3.47,,OMR3.47,,OMR3.47,,OMR3.47,OMR3.47,OMR3.47,OMR3.47,OMR3.47,OMR3.47,,OMR3.47,OMR3.47,OMR3.47,OMR3.47,OMR3.47,OMR3.47,OMR3.47,OMR3.47,OMR3.47,OMR3.47,OMR3.47,OMR3.47,OMR3.47,OMR3.47,OMR3.47,,OMR3.47,OMR3.47,OMR3.47,OMR3.47,OMR3.47,OMR3.47,OMR3.47,OMR3.47,OMR3.47,OMR3.47,OMR3.47,OMR3.47,OMR3.47,OMR3.47,OMR3.47,OMR3.47,,OMR3.47,OMR3.47,OMR3.47,,OMR3.47,OMR3.47,,OMR3.47,,OMR3.47,OMR3.47,OMR3.47,OMR3.47,OMR3.47,OMR3.47,OMR3.47,OMR3.47,OMR3.47,OMR3.47,OMR3.47,OMR3.47,OMR3.47,,OMR3.47,OMR3.47,OMR3.47,OMR3.47,OMR3.47,OMR3.47,OMR3.47,OMR3.47,OMR3.47,OMR3.47,OMR3.47,OMR3.47,OMR3.47,,,OMR3.47,OMR3.47,,OMR3.47,,OMR3.47,OMR3.47,OMR3.47,OMR3.47,OMR3.47,OMR3.47,OMR3.47,OMR3.47,OMR3.47,OMR3.47,OMR3.47,OMR3.47,OMR3.47,,OMR3.47,OMR3.47,OMR3.47,OMR3.47,OMR3.47,OMR3.47,,OMR3.47,OMR3.47,OMR3.47,OMR3.47,,OMR3.47,,OMR3.47,OMR3.47,OMR3.47,OMR3.47,OMR3.47,OMR3.47,OMR3.47,OMR3.47,OMR3.47,,OMR3.47,,OMR3.47,OMR3.47,OMR3.47,OMR3.47,,,OMR3.47,OMR3.47,OMR3.47,OMR3.47,OMR3.47,,OMR3.47,OMR3.47,OMR3.47,OMR3.47,OMR3.47,OMR3.47,OMR3.47,OMR3.47,OMR3.47,OMR3.47,OMR3.47,OMR3.47,OMR3.47,OMR3.47,OMR3.47,,,OMR3.47,,OMR3.47,OMR3.47,,OMR3.47,OMR3.47,OMR3.47,OMR3.47,OMR3.47,OMR3.47,OMR3.47,OMR3.47,OMR3.47,OMR3.47,OMR3.47,OMR3.47,OMR3.47,OMR3.47,OMR3.47
ثلاثية غرناطة,1020568,9789770907375,OMR6.35,OMR6.35,OMR6.35,OMR6.35,OMR6.35,OMR6.35,OMR6.35,OMR6.35,,OMR6.35,OMR6.35,OMR6.35,OMR6.35,OMR6.35,OMR6.35,OMR6.35,OMR6.35,OMR6.35,OMR6.35,OMR6.35,OMR6.35,OMR6.35,OMR6.35,,OMR6.35,OMR6.35,OMR6.35,OMR6.35,OMR6.35,OMR6.35,OMR6.35,OMR6.35,OMR6.35,OMR6.35,OMR6.35,OMR6.35,OMR6.35,OMR6.35,OMR6.35,,OMR6.35,OMR6.35,,OMR6.35,OMR6.35,OMR6.35,OMR6.35,OMR6.35,OMR6.35,OMR6.35,OMR6.35,OMR6.35,OMR6.35,OMR6.35,OMR6.35,OMR6.35,OMR6.35,OMR6.35,OMR6.35,OMR6.35,OMR6.35,OMR6.35,OMR6.35,,,OMR6.35,OMR6.35,OMR6.35,OMR6.35,OMR6.35,OMR6.35,OMR6.35,OMR6.35,,OMR6.35,OMR6.35,OMR6.35,OMR6.35,OMR6.35,OMR6.35,OMR6.35,OMR6.35,OMR6.35,OMR6.35,OMR6.35,OMR6.35,OMR6.35,OMR6.35,OMR6.35,,OMR6.35,OMR6.35,OMR6.35,OMR6.35,OMR6.35,OMR6.35,OMR6.35,OMR6.35,,OMR6.35,OMR6.35,OMR6.35,OMR6.35,OMR6.35,OMR6.35,,OMR6.35,OMR6.35,OMR6.35,OMR6.35,OMR6.35,OMR6.35,OMR6.35,OMR6.35,OMR6.35,OMR6.35,OMR6.35,OMR6.35,OMR6.35,OMR6.35,OMR6.35,,OMR6.35,OMR6.35,OMR6.35,,OMR6.35,,OMR6.35,,OMR6.35,OMR6.35,OMR6.35,OMR6.35,OMR6.35,OMR6.35,OMR6.35,OMR6.35,,OMR6.35,OMR6.35,OMR6.35,OMR6.35,OMR6.35,OMR6.35,OMR6.35,,,,OMR6.35,OMR6.35,OMR6.35,OMR6.35,OMR6.35,OMR6.35,OMR6.35,OMR6.35,,OMR6.35,OMR6.35,OMR6.35,OMR6.35,OMR6.35,OMR6.35,OMR6.35,OMR6.35,OMR6.35,OMR6.35,,OMR6.35,OMR6.35,,OMR6.35,OMR6.35,OMR6.35,OMR6.35,OMR6.35,OMR6.35,OMR6.35,OMR6.35,OMR6.35,OMR6.35,,,OMR6.35,OMR6.35,OMR6.35,,OMR6.35,,OMR6.35,,OMR6.35,OMR6.35,OMR6.35,OMR6.35,,,OMR6.35,,OMR6.35,OMR6.35,OMR6.35,,,OMR6.35,OMR6.35,,OMR6.35,,OMR6.35,OMR6.35,OMR6.35,OMR6.35,OMR6.35,OMR6.35,,OMR6.35,OMR6.35,OMR6.35,OMR6.35,OMR6.35,OMR6.35,OMR6.35,,OMR6.35,OMR6.35,OMR6.35,OMR6.35,OMR6.35,OMR6.35,,OMR6.35,OMR6.35,OMR6.35,OMR6.35,OMR6.35,OMR6.35,OMR6.35,OMR6.35
مميز بالأصفر : مقرر مختصر في العيش بحكمة والاختيار بذكاء,5000399,6281072062316,OMR3.32,,OMR3.32,OMR3.32,OMR3.32,,OMR3.32,OMR3.32,,OMR3.32,,,OMR3.32,OMR3.32,OMR3.32,OMR3.32,OMR3.32,OMR3.32,OMR3.32,OMR3.32,OMR3.32,OMR3.32,OMR3.32,OMR3.32,OMR3.32,OMR3.32,OMR3.32,OMR3.32,OMR3.32,OMR3.32,OMR3.32,OMR3.32,OMR3.32,,OMR3.32,OMR3.32,OMR3.32,OMR3.32,OMR3.32,OMR3.32,OMR3.32,OMR3.32,OMR3.32,OMR3.32,OMR3.32,OMR3.32,,OMR3.32,OMR3.32,OMR3.32,,OMR3.32,OMR3.32,OMR3.32,OMR3.32,OMR3.32,,OMR3.32,OMR3.32,OMR3.32,OMR3.32,OMR3.32,OMR3.32,,OMR3.32,OMR3.32,OMR3.32,OMR3.32,OMR3.32,,OMR3.32,,,OMR3.32,OMR3.32,OMR3.32,OMR3.32,OMR3.32,,OMR3.32,OMR3.32,,OMR3.32,,OMR3.32,OMR3.32,OMR3.32,OMR3.32,,OMR3.32,OMR3.32,OMR3.32,OMR3.32,OMR3.32,,,OMR3.32,OMR3.32,OMR3.32,OMR3.32,OMR3.32,OMR3.32,OMR3.32,OMR3.32,OMR3.32,OMR3.32,OMR3.32,OMR3.32,,OMR3.32,OMR3.32,OMR3.32,OMR3.32,,,OMR3.32,OMR3.32,OMR3.32,OMR3.32,OMR3.32,OMR3.32,OMR3.32,OMR3.32,OMR3.32,OMR3.32,OMR3.32,OMR3.32,,OMR3.32,OMR3.32,OMR3.32,OMR3.32,OMR3.32,OMR3.32,,OMR3.32,OMR3.32,OMR3.32,OMR3.32,OMR3.32,OMR3.32,OMR3.32,OMR3.32,OMR3.32,OMR3.32,OMR3.32,OMR3.32,OMR3.32,OMR3.32,OMR3.32,OMR3.32,OMR3.32,OMR3.32,OMR3.32,,OMR3.32,OMR3.32,OMR3.32,OMR3.32,OMR3.32,,,OMR3.32,OMR3.32,OMR3.32,OMR3.32,OMR3.32,OMR3.32,OMR3.32,OMR3.32,OMR3.32,OMR3.32,OMR3.32,OMR3.32,OMR3.32,OMR3.32,OMR3.32,OMR3.32,OMR3.32,,OMR3.32,OMR3.32,,OMR3.32,OMR3.32,OMR3.32,OMR3.32,OMR3.32,,OMR3.32,OMR3.32,OMR3.32,OMR3.32,OMR3.32,OMR3.32,OMR3.32,,OMR3.32,,OMR3.32,OMR3.32,OMR3.32,,OMR3.32,OMR3.32,OMR3.32,OMR3.32,OMR3.32,OMR3.32,OMR3.32,,OMR3.32,OMR3.32,,OMR3.32,OMR3.32,OMR3.32,OMR3.32,,OMR3.32,,OMR3.32,,OMR3.32,,OMR3.32,OMR3.32,OMR3.32,OMR3.32,,OMR3.32,OMR3.32,OMR3.32,,OMR3.32,,OMR3.32,OMR3.32,,
أقوم قيلا,3090408,9786038232408,$14.00,$14.00,$14.00,$14.00,$14.00,$14.00,$14.00,,$14.00,$14.00,$14.00,$14.00,$14.00,$14.00,$14.00,$14.00,$14.00,$14.00,$14.00,$14.00,$14.00,$14.00,$14.00,$14.00,$14.00,$14.00,$14.00,$14.00,$14.00,$14.00,,$14.00,,$14.00,$14.00,$14.00,$14.00,,,$14.00,,$14.00,$14.00,$14.00,$14.00,$14.00,$14.00,$14.00,$14.00,$14.00,$14.00,$14.00,$14.00,$14.00,,$14.00,$14.00,$14.00,$14.00,$14.00,$14.00,$14.00,$14.00,,$14.00,$14.00,$14.00,$14.00,$14.00,,$14.00,$14.00,$14.00,$14.00,$14.00,$14.00,,$14.00,$14.00,$14.00,$14.00,,$14.00,$14.00,,$14.00,$14.00,,$14.00,$14.00,,$14.00,$14.00,$14.00,$14.00,$14.00,$14.00,$14.00,$14.00,$14.00,$14.00,$14.00,$14.00,$14.00,$14.00,$14.00,$14.00,$14.00,$14.00,$14.00,$14.00,$14.00,$14.00,$14.00,$14.00,$14.00,,$14.00,$14.00,$14.00,$14.00,$14.00,$14.00,$14.00,$14.00,$14.00,$14.00,$14.00,$14.00,$14.00,$14.00,$14.00,$14.00,$14.00,$14.00,$14.00,$14.00,$14.00,$14.00,$14.00,$14.00,$14.00,$14.00,,$14.00,$14.00,$14.00,$14.00,$14.00,$14.00,$14.00,,$14.00,$14.00,$14.00,,,$14.00,,,,,$14.00,$14.00,$14.00,,$14.00,$14.00,,$14.00,$14.00,,$14.00,$14.00,$14.00,$14.00,$14.00,$14.00,$14.00,$14.00,$14.00,$14.00,$14.00,,,$14.00,$14.00,$14.00,,$14.00,,$14.00,$14.00,$14.00,$14.00,$14.00,$14.00,$14.00,$14.00,$14.00,$14.00,$14.00,$14.00,,$14.00,$14.00,$14.00,,$14.00,$14.00,$14.00,$14.00,$14.00,$14.00,$14.00,$14.00,$14.00,$14.00,$14.00,,$14.00,$14.00,$14.00,$14.00,,$14.00,,,$14.00,$14.00,$14.00,,$14.00,$14.00,$14.00,$14.00,$14.00,$14.00,,$14.00
لعبة العروش : الكتاب الأول من أغنية الجليد والنار,3092746,9789776483576,$27.00,$27.00,$27.00,$27.00,$27.00,$27.00,$27.00,,$27.00,$27.00,$27.00,$27.00,$27.00,,,$27.00,$27.00,$27.00,,$27.00,$27.00,,$27.00,$27.00,$27.00,$27.00,$27.00,$27.00,$27.00,$27.00,$27.00,$27.00,$27.00,,$27.00,$27.00,,$27.00,$27.00,$27.00,,$27.00,,,$27.00,$27.00,$27.00,$27.00,$27.00,,$27.00,,,$27.00,$27.00,$27.00,$27.00,$27.00,,$27.00,$27.00,$27.00,$27.00,,,$27.00,$27.00,$27.00,$27.00,,$27.00,$27.00,$27.00,$27.00,$27.00,$27.00,,$27.00,,$27.00,$27.00,$27.00,,$27.00,$27.00,$27.00,$27.00,$27.00,,,$27.00,$27.00,$27.00,$27.00,$27.00,$27.00,$27.00,$27.00,$27.00,$27.00,$27.00,$27.00,$27.00,$27.00,$27.00,$27.00,,$27.00,$27.00,$27.00,$27.00,$27.00,,$27.00,$27.00,,,$27.00,,$27.00,$27.00,$27.00,$27.00,$27.00,$27.00,$27.00,,,$27.00,,$27.00,$27.00,,$27.00,$27.00,$27.00,$27.00,$27.00,$27.00,,$27.00,$27.00,$27.00,$27.00,$27.00,$27.00,$27.00,$27.00,$27.00,$27.00,,$27.00,$27.00,$27.00,$27.00,$27.00,,$27.00,$27.00,$27.00,$27.00,,,$27.00,$27.00,$27.00,,$27.00,$27.00,,$27.00,$27.00,$27.00,$27.00,$27.00,$27.00,,,$27.00,,$27.00,$27.00,$27.00,$27.00,,$27.00,$27.00,$27.00,,$27.00,$27.00,$27.00,,$27.00,,$27.00,$27.00,$27.00,$27.00,$27.00,$27.00,$27.00,$27.00,$27.00,$27.00,$27.00,,$27.00,,$27.00,$27.00,$27.00,$27.00,$27.00,$27.00,$27.00,$27.00,$27.00,$27.00,,,$27.00,$27.00,$27.00,,,$27.00,$27.00,$27.00,$27.00,$27.00,$27.00,$27.00,,$27.00,$27.00,$27.00,$27.00,,$27.00
قوة عقلك الباطن,5000449,6281072059538,$14.00,$14.00,$14.00,$14.00,,,$14.00,$14.00,$14.00,$14.00,,$14.00,$14.00,$14.00,$14.00,$14.00,$14.00,$14.00,$14.00,$14.00,$14.00,$14.00,$14.00,$14.00,$14.00,$14.00,$14.00,$14.00,$14.00,$14.00,$14.00,$14.00,$14.00,$14.00,$14.00,$14.00,$14.00,$14.00,$14.00,$14.00,$14.00,$14.00,$14.00,$14.00,$14.00,$14.00,,$14.00,$14.00,$14.00,$14.00,$14.00,$14.00,,$14.00,$14.00,,,$14.00,$14.00,$14.00,$14.00,$14.00,,$14.00,$14.00,$14.00,$14.00,$14.00,$14.00,,$14.00,$14.00,$14.00,$14.00,$14.00,$14.00,$14.00,$14.00,$14.00,$14.00,$14.00,$14.00,$14.00,,$14.00,$14.00,$14.00,$14.00,$14.00,$14.00,$14.00,,,$14.00,$14.00,$14.00,$14.00,$14.00,$14.00,$14.00,$14.00,$14.00,$14.00,$14.00,$14.00,$14.00,$14.00,$14.00,$14.00,$14.00,$14.00,$14.00,$14.00,$14.00,$14.00,$14.00,,$14.00,$14.00,,$14.00,$14.00,$14.00,$14.00,$14.00,$14.00,$14.00,$14.00,$14.00,$14.00,$14.00,$14.00,$14.00,$14.00,$14.00,$14.00,$14.00,,$14.00,,$14.00,$14.00,$14.00,$14.00,$14.00,$14.00,$14.00,$14.00,$14.00,$14.00,$14.00,$14.00,$14.00,$14.00,$14.00,$14.00,$14.00,$14.00,$14.00,$14.00,$14.00,$14.00,$14.00,,$14.00,$14.00,$14.00,$14.00,$14.00,,$14.00,$14.00,$14.00,$14.00,$14.00,$14.00,$14.00,$14.00,$14.00,$14.00,$14.00,$14.00,$14.00,$14.00,$14.00,$14.00,$14.00,,$14.00,,$14.00,$14.00,$14.00,$14.00,$14.00,$14.00,$14.00,$14.00,$14.00,$14.00,,$14.00,$14.00,$14.00,$14.00,$14.00,$14.00,$14.00,$14.00,$14.00,$14.00,$14.00,$14.00,$14.00,$14.00,$14.00,$14.00,,$14.00,$14.00,$14.00,$14.00,$14.00,,,$0.00,,$0.00,$0.00,,$0.00,$0.00,,$0.00,$0.00,$0.00,$0.00,$0.00,$0.00
أغنى رجل في بابل,5000462,6281072042486,$6.09,$6.09,$6.09,$6.09,$6.09,$6.09,$6.09,$6.09,$6.09,$6.09,$6.09,$6.09,$6.09,$6.09,$6.09,$6.09,$6.09,$6.09,$6.09,$6.09,$6.09,$6.09,$6.09,$6.09,$6.09,$6.09,$6.09,$6.09,$6.09,$6.09,$6.09,$6.09,$6.09,$6.09,$6.09,$6.09,$6.09,$6.09,$6.09,$6.09,$6.09,$6.09,$6.09,$6.09,$6.09,$6.09,$6.09,$6.09,$6.09,$6.09,$6.09,$6.09,$6.09,$6.09,$6.09,$6.09,$6.09,$6.09,$6.09,$6.09,$6.09,$6.09,$6.09,,$6.09,$6.09,$6.09,$6.09,$6.09,$6.09,$6.09,$6.09,$6.09,$6.09,$6.09,$6.09,$6.09,$6.09,$6.09,$6.09,$6.09,$6.09,$6.09,$6.09,$6.09,$6.09,$6.09,$6.09,$6.09,$6.09,$6.09,$6.09,$6.09,$6.09,$6.09,$6.09,$6.09,$6.09,$6.09,$6.09,$6.09,$6.09,$6.09,$6.09,$6.09,$6.09,$6.09,$6.09,$6.09,$6.09,$6.09,$6.09,$6.09,$6.09,$6.09,$6.09,$6.09,$6.09,$6.09,$6.09,$6.09,$6.09,$6.09,$6.09,$6.09,$6.09,$6.09,$6.09,$6.09,$6.09,$6.09,$6.09,$6.09,$6.09,$6.09,$6.09,$6.09,$6.09,$6.09,$6.09,$6.09,$6.09,$6.09,$6.09,$6.09,$6.09,$6.09,$6.09,$6.09,$6.09,$6.09,$6.09,$6.09,$6.09,$6.09,$6.09,$6.09,$6.09,$6.09,$6.09,$6.09,$6.09,$6.09,$6.09,$6.09,$6.09,$6.09,$6.09,$6.09,$6.09,$6.09,$6.09,$6.09,$6.09,$6.09,$6.09,$6.09,$6.09,$6.09,$6.09,$6.09,$6.09,$6.09,$6.09,$6.09,$6.09,$6.09,$6.09,,$6.09,$6.09,$6.09,$6.09,$6.09,$6.09,$6.09,$6.09,$6.09,$6.09,$6.09,$6.09,$6.09,$6.09,$6.09,$6.09,$6.09,$6.09,$6.09,$6.09,$6.09,$6.09,$6.09,$6.09,$6.09,$6.09,$6.09,$6.09,$6.09,$6.09,$6.09,$6.09,$6.09,$6.09,$6.09,,$6.09,$6.09,$6.09,$6.09,$6.09,$6.09,$6.09,$6.09,$6.09,$6.09,$6.09,$6.09,$6.09,$6.09,$6.09
حديث الصباح,4100319,9789996645594,$12.00,$12.00,$12.00,$12.00,$12.00,$12.00,$12.00,$12.00,$12.00,$12.00,$12.00,$12.00,$12.00,$12.00,$12.00,$12.00,$12.00,$12.00,$12.00,$12.00,$12.00,$12.00,$12.00,$12.00,$12.00,$12.00,$12.00,$12.00,$12.00,$12.00,$12.00,$12.00,$12.00,$12.00,$12.00,$12.00,$12.00,$12.00,$12.00,$12.00,$12.00,$12.00,$12.00,$12.00,$12.00,$12.00,$12.00,$12.00,$12.00,$12.00,$12.00,$12.00,$12.00,$12.00,$12.00,$12.00,$12.00,$12.00,$12.00,$12.00,$12.00,$12.00,$12.00,,$12.00,$12.00,$12.00,$12.00,$12.00,$12.00,$12.00,$12.00,$12.00,$12.00,$12.00,$12.00,$12.00,$12.00,$12.00,$12.00,$12.00,$12.00,$12.00,$12.00,$12.00,$12.00,$12.00,$12.00,$12.00,$12.00,$12.00,$12.00,$12.00,$12.00,$12.00,$12.00,$12.00,$12.00,$12.00,$12.00,$12.00,$12.00,$12.00,$12.00,$12.00,$12.00,$12.00,$12.00,$12.00,$12.00,$12.00,$12.00,$12.00,$12.00,$12.00,$12.00,$12.00,$12.00,$12.00,$12.00,$12.00,$12.00,$12.00,$12.00,$12.00,$12.00,$12.00,$12.00,$12.00,$12.00,$12.00,$12.00,$12.00,$12.00,$12.00,$12.00,$12.00,$12.00,$12.00,$12.00,$12.00,$12.00,$12.00,$12.00,$12.00,$12.00,$12.00,$12.00,$12.00,$12.00,$12.00,$12.00,$12.00,$12.00,$12.00,$12.00,$12.00,$12.00,$12.00,$12.00,$12.00,$12.00,$12.00,$12.00,$12.00,$12.00,$12.00,$12.00,$12.00,$12.00,$12.00,$12.00,$12.00,$12.00,$12.00,$12.00,$12.00,$12.00,$12.00,$12.00,$12.00,$12.00,$12.00,$12.00,$12.00,$12.00,$12.00,$12.00,,$12.00,$12.00,$12.00,$12.00,$12.00,$12.00,$12.00,$12.00,$12.00,$12.00,$12.00,$12.00,$12.00,$12.00,$12.00,$12.00,$12.00,$12.00,$12.00,$12.00,$12.00,$12.00,$12.00,$12.00,$12.00,$12.00,$12.00,$12.00,$12.00,$12.00,$12.00,$12.00,$12.00,$12.00,$12.00,,$12.00,$12.00,$12.00,$12.00,$12.00,$12.00,$12.00,$12.00,$12.00,$12.00,$12.00,$12.00,$12.00,$12.00,$12.00
